SEASON,PLAYER_ID_combine,TEAM_ABBREVIATION,PLAYER_NAME,POSITION,HEIGHT_WO_SHOES,HEIGHT_W_SHOES,WEIGHT,WINGSPAN,STANDING_REACH,BODY_FAT_PCT,HAND_LENGTH,HAND_WIDTH,STANDING_VERTICAL_LEAP,MAX_VERTICAL_LEAP,LANE_AGILITY_TIME,MODIFIED_LANE_AGILITY_TIME,THREE_QUARTER_SPRINT,BENCH_PRESS,SPOT_FIFTEEN_CORNER_LEFT,SPOT_FIFTEEN_BREAK_LEFT,SPOT_FIFTEEN_TOP_KEY,SPOT_FIFTEEN_BREAK_RIGHT,SPOT_FIFTEEN_CORNER_RIGHT,SPOT_COLLEGE_CORNER_LEFT,SPOT_COLLEGE_BREAK_LEFT,SPOT_COLLEGE_TOP_KEY,SPOT_COLLEGE_BREAK_RIGHT,SPOT_COLLEGE_CORNER_RIGHT,SPOT_NBA_CORNER_LEFT,SPOT_NBA_BREAK_LEFT,SPOT_NBA_TOP_KEY,SPOT_NBA_BREAK_RIGHT,SPOT_NBA_CORNER_RIGHT,OFF_DRIB_FIFTEEN_BREAK_LEFT,OFF_DRIB_FIFTEEN_TOP_KEY,OFF_DRIB_FIFTEEN_BREAK_RIGHT,OFF_DRIB_COLLEGE_BREAK_LEFT,OFF_DRIB_COLLEGE_TOP_KEY,OFF_DRIB_COLLEGE_BREAK_RIGHT,ON_MOVE_FIFTEEN,ON_MOVE_COLLEGE,AST,BLK,DREB,FG3A,FG3M,FG3_PCT,FGA,FGM,FG_PCT,FTA,FTM,FT_PCT,OREB,PF,PTS,REB,STL,TOV
2014,203919,MEM,Jordan Adams,SG,75.5,76.75,208.8,82.0,102.0,10.8,8.5,7.5,24.5,29.5,12.13,3.05,3.5,,,,,,,1.0,0.6,1.0,0.6,0.6,0.8,0.6,0.4,0.6,1.0,0.6666666666666666,0.6666666666666666,0.8333333333333334,,,,0.6,,0.5,0.2,0.6,0.8,0.3,0.4,2.9,1.2,0.40700000000000003,0.8,0.5,0.609,0.3,0.8,3.1,0.9,0.5,0.5
2014,203937,SAS,Kyle Anderson,SF,79.5,80.5,230.1,86.75,107.5,13.35,8.25,8.75,,,,,,,,,,,,,,,,,,,,,,,,,,,,,,0.8,0.2,2.0,0.3,0.1,0.273,2.7,0.9,0.348,0.4,0.3,0.643,0.2,0.8,2.2,2.2,0.5,0.3
2014,203648,NYK,Thanasis Antetokounmpo,SF,77.25,78.25,205.2,84.0,104.5,6.05,9.0,9.75,31.5,39.5,11.39,3.05,3.18,,,,,,,0.8,0.4,0.4,0.8,0.4,0.4,0.8,0.6,0.6,0.6,0.6666666666666666,0.8333333333333334,0.5,,,,,0.4,0.0,0.0,0.5,0.5,0.0,0.0,2.0,1.5,0.75,0.0,0.0,0.0,0.0,1.0,3.0,0.5,0.0,0.0
2014,203946,CHI,Cameron Bairstow,PF,80.75,81.75,252.4,84.75,107.0,8.7,8.75,9.0,31.0,33.5,11.39,3.09,3.37,,1.0,0.8,0.8,0.6,0.8,,,,,,0.6,0.8,0.6,0.8,0.2,0.8333333333333334,0.3333333333333333,1.0,,,,0.5675675675675675,,0.1,0.1,0.1,0.0,0.0,0.0,0.8,0.2,0.214,0.3,0.2,0.8,0.3,0.4,0.6,0.4,0.1,0.2
2014,203920,ORL,Khem Birch,PF,79.5,81.25,208.8,85.0,107.0,6.0,9.0,8.5,30.5,35.5,11.6,3.24,3.26,,0.6,0.4,0.4,0.8,0.4,,,,,,0.8,0.4,0.4,0.4,0.2,0.6666666666666666,0.5,0.16666666666666666,,,,0.5,,0.8,0.5,2.6,0.0,0.0,0.0,3.0,1.6,0.54,1.5,1.0,0.6890000000000001,1.7,1.3,4.2,4.3,0.4,0.5
2014,203913,LAL,Jabari Brown,SG,75.0,76.25,201.9,80.25,100.0,6.05,9.0,9.25,28.0,32.0,11.6,3.26,3.5,,,,,,,0.6,0.6,0.6,0.8,0.6,0.6,0.8,0.4,0.6,0.8,0.5,0.8333333333333334,0.6666666666666666,,,,0.5833333333333334,,2.1,0.1,1.7,3.3,1.2,0.371,8.9,3.7,0.41200000000000003,4.5,3.4,0.753,0.2,1.7,11.9,1.9,0.6,1.7
2014,203900,BKN,Markel Brown,SG,74.5,75.5,184.4,80.75,100.0,4.2,8.25,9.75,36.5,43.5,12.62,2.9,3.18,,,,,,,0.6,0.6,0.6,0.4,0.4,0.6,0.6,0.2,0.4,0.6,0.8333333333333334,0.8333333333333334,0.5,,,,0.5625,,0.8,0.3,1.9,1.4,0.4,0.266,4.5,1.6,0.36200000000000004,1.2,1.0,0.825,0.3,1.2,4.6,2.3,0.7,0.6
2014,203902,OKC,Semaj Christon,PG,73.5,75.25,186.0,78.5,99.0,5.25,8.5,8.25,30.5,36.5,11.55,3.21,3.32,,,,,,,0.6,0.8,1.0,1.0,0.8,0.6,0.4,0.4,0.4,0.0,0.6666666666666666,0.6666666666666666,0.5,,,,0.6923076923076923,,2.0,0.1,1.1,1.0,0.2,0.19,3.5,1.2,0.345,0.5,0.3,0.5479999999999999,0.3,1.2,2.9,1.4,0.4,0.7
2014,203903,LAL,Jordan Clarkson,PG,75.25,77.0,186.3,80.0,98.0,4.3,8.25,9.0,33.0,38.5,10.76,2.98,3.28,,,,,,,0.6,1.0,1.0,0.8,1.0,0.6,0.6,0.6,0.4,0.4,0.8333333333333334,0.8333333333333334,0.5,,,,0.6666666666666666,,3.5,0.2,2.3,2.1,0.6,0.314,10.1,4.5,0.44799999999999995,2.7,2.2,0.8290000000000001,0.9,1.8,11.9,3.2,0.9,1.6
2014,203915,DET,Spencer Dinwiddie,PG,76.5,78.0,204.9,80.25,103.0,5.35,8.25,9.0,,,,,,,,,,,,,,,,,,,,,,,,,,,,,,3.1,0.2,1.3,1.9,0.4,0.185,5.0,1.5,0.302,1.0,0.9,0.912,0.1,1.6,4.3,1.4,0.6,1.0
2014,203921,NYK,Cleanthony Early,SF,78.0,79.25,209.4,82.75,101.5,4.45,8.5,9.0,34.0,40.0,11.15,2.96,3.18,,,,,,,0.2,0.2,0.6,1.0,0.4,0.4,0.4,0.8,0.4,0.0,0.5,0.5,0.6666666666666666,,,,0.4857142857142857,,0.9,0.3,1.9,2.2,0.6,0.262,5.5,1.9,0.355,1.2,0.9,0.75,0.6,1.5,5.4,2.5,0.6,1.0
2014,203898,PHX,Tyler Ennis,PG,73.0,74.5,181.5,79.25,98.0,6.2,8.25,8.75,29.0,36.0,11.12,2.84,3.3,,,,,,,,,,,,,,,,,,,,,,,,,1.8,0.3,0.8,0.8,0.3,0.33299999999999996,2.6,1.1,0.429,0.3,0.3,1.0,0.1,0.4,2.8,0.9,0.0,1.0
2014,203957,UTA,Dante Exum,SG,76.5,78.0,196.3,81.5,103.0,6.4,8.5,9.5,31.5,34.5,10.75,2.88,3.19,,,,,,,,,,,,,,,,,,,,,,,,,2.4,0.2,1.3,3.2,1.0,0.314,5.1,1.8,0.349,0.4,0.2,0.625,0.3,1.8,4.8,1.6,0.5,1.4
2014,203932,ORL,Aaron Gordon,PF,79.5,80.75,220.1,83.75,105.0,5.05,8.75,10.5,32.5,39.0,10.81,2.76,3.27,,,,,,,,,,,,,,,,,,,,,,,,,0.7,0.5,2.6,1.0,0.3,0.271,4.4,2.0,0.447,1.3,0.9,0.721,1.0,1.8,5.2,3.6,0.4,0.8
2014,203924,PHI,Jerami Grant,SF,78.5,79.75,214.0,86.75,107.0,3.75,9.25,9.25,,,,,,,,,,,,0.2,0.2,0.2,0.4,0.6,0.4,0.6,0.4,0.4,0.6,0.6666666666666666,0.3333333333333333,0.5,,,,0.5454545454545454,,1.2,1.0,2.3,2.4,0.8,0.314,5.4,1.9,0.35200000000000004,3.0,1.8,0.591,0.8,2.2,6.3,3.0,0.6,1.3
2014,203798,CHA,P.J. Hairston,SG,76.25,77.25,228.8,81.0,101.0,8.2,8.75,9.75,32.0,37.0,11.12,,3.32,,,,,,,0.8,0.6,0.6,0.6,0.6,0.4,0.4,0.2,0.4,0.6,0.5,0.6666666666666666,0.8333333333333334,,,,0.6129032258064516,,0.5,0.3,1.6,3.6,1.1,0.301,6.0,1.9,0.32299999999999995,0.8,0.7,0.861,0.5,1.4,5.6,2.0,0.5,0.5
2014,203914,DEN,Gary Harris,SG,74.5,76.5,204.8,78.75,96.0,4.55,8.5,9.5,,,,,,,,,,,,,,,,,,,,,,,,,,,,,,0.5,0.1,0.8,1.9,0.4,0.204,3.9,1.2,0.304,0.9,0.6,0.745,0.4,1.3,3.4,1.2,0.7,0.7
2014,203925,CLE,Joe Harris,SG,76.75,78.25,215.0,78.0,100.0,6.2,8.5,9.75,28.5,33.5,11.11,2.92,3.31,,,,,,,0.8,0.6,0.6,0.6,1.0,0.4,0.8,0.6,0.6,0.8,0.8333333333333334,0.8333333333333334,0.6666666666666666,,,,0.8108108108108109,,0.5,0.0,0.7,1.6,0.6,0.369,2.4,0.9,0.4,0.3,0.2,0.6,0.1,1.2,2.7,0.8,0.1,0.5
2014,203918,UTA,Rodney Hood,SF,79.25,80.5,208.2,80.5,103.0,7.45,8.5,8.5,29.0,36.0,11.21,3.14,3.38,,,,,,,0.2,0.6,0.8,0.8,0.6,0.6,0.4,0.8,0.8,0.4,0.8333333333333334,0.6666666666666666,0.8333333333333334,,,,0.7878787878787878,,1.7,0.2,2.2,3.4,1.2,0.365,7.5,3.1,0.414,1.6,1.2,0.763,0.2,2.4,8.7,2.3,0.6,0.9
2014,203928,BKN,Cory Jefferson,PF,79.75,81.0,218.4,84.5,105.0,5.25,8.75,9.75,33.0,37.5,12.63,3.39,3.36,,0.2,0.6,0.8,0.4,1.0,,,,,,0.6,1.0,0.2,0.6,0.4,0.0,0.5,0.8333333333333334,,,,0.7352941176470589,,0.3,0.4,2.0,0.3,0.0,0.133,3.3,1.5,0.449,1.1,0.6,0.574,0.9,1.2,3.7,2.9,0.2,0.4
2014,203910,HOU,Nick Johnson,SG,73.5,75.0,198.0,79.25,96.5,6.05,8.75,9.75,33.5,41.5,10.8,2.95,3.27,,,,,,,0.8,1.0,0.6,0.6,0.8,0.2,0.6,0.6,0.6,0.4,0.8333333333333334,0.8333333333333334,0.6666666666666666,,,,,0.5277777777777778,0.4,0.1,0.9,0.8,0.2,0.23800000000000002,2.7,0.9,0.34700000000000003,0.9,0.6,0.68,0.5,1.2,2.6,1.4,0.3,0.7
2014,203930,MIN,Sean Kilpatrick,SG,74.5,76.25,218.7,79.0,99.0,9.2,9.0,9.0,,,,,,,,,,,,,,,,,,,,,,,,,,,,,,1.0,0.0,1.3,3.3,1.0,0.308,5.0,1.8,0.35,1.0,1.0,1.0,0.3,0.8,5.5,1.5,0.8,0.5
2014,203945,CLE,Alex Kirk,PF,81.25,82.75,252.0,87.5,109.5,13.6,9.25,10.5,28.5,31.5,11.2,3.19,3.48,,0.0,0.6,0.6,0.8,0.8,,,,,,0.6,0.6,0.4,0.2,0.2,0.5,0.8333333333333334,0.3333333333333333,,,,0.675,,0.2,0.0,0.0,0.0,0.0,0.0,0.8,0.2,0.25,0.4,0.4,1.0,0.2,0.2,0.8,0.2,0.0,0.0
2014,203897,MIN,Zach LaVine,PG,76.5,77.75,180.9,80.25,100.0,4.7,8.25,8.75,33.5,41.5,10.42,2.8,3.19,,,,,,,0.2,0.6,0.6,0.8,0.4,0.6,0.6,0.4,0.4,0.8,0.6666666666666666,0.8333333333333334,0.8333333333333334,,,,0.65625,,3.6,0.1,2.4,2.2,0.7,0.341,8.8,3.7,0.42200000000000004,2.3,1.9,0.8420000000000001,0.4,2.1,10.1,2.8,0.7,2.5
2014,203906,ORL,Devyn Marble,SG,77.0,78.5,192.4,81.0,102.0,6.9,8.25,8.5,29.0,35.0,11.32,3.08,3.28,,,,,,,0.6,0.4,1.0,0.6,0.6,0.8,0.8,0.8,0.8,0.0,0.3333333333333333,0.5,0.6666666666666666,,,,0.48717948717948717,,1.1,0.1,1.6,1.4,0.3,0.182,2.8,0.9,0.318,1.0,0.3,0.313,0.3,0.9,2.3,1.9,0.6,0.6
2014,203949,GSW,James McAdoo,PF,79.5,80.75,227.6,86.25,106.5,6.15,9.25,9.0,29.5,34.0,11.61,2.91,3.28,,0.8,0.6,0.8,0.0,0.8,,,,,,0.6,0.0,0.4,0.4,0.4,0.5,0.3333333333333333,0.6666666666666666,,,,0.5208333333333334,,0.1,0.6,1.5,0.0,0.0,0.0,2.9,1.6,0.545,1.7,0.9,0.56,1.0,1.4,4.1,2.5,0.3,0.4
2014,203909,PHI,K.J. McDaniels,SF,76.5,78.0,195.6,83.25,102.0,4.45,8.75,9.75,33.0,37.0,12.71,3.2,3.1,,,,,,,0.6,0.8,0.6,0.6,0.8,0.4,0.6,0.4,0.0,0.2,0.6666666666666666,0.5,0.6666666666666666,,,,0.5897435897435898,,1.3,1.3,2.5,2.8,0.8,0.293,8.1,3.2,0.39899999999999997,2.5,1.9,0.7559999999999999,1.2,2.3,9.2,3.8,0.8,2.0
2014,203926,CHI,Doug McDermott,SF,78.25,79.75,218.0,81.25,103.0,7.1,8.75,9.75,28.5,36.5,11.1,3.15,3.29,,,,,,,,,,,,,,,,,,,,,,,,,0.2,0.0,1.0,1.1,0.4,0.317,3.0,1.2,0.402,0.4,0.3,0.667,0.2,0.8,3.0,1.2,0.1,0.5
2014,203895,PHX,Jordan McRae,SG,75.75,77.25,179.4,84.5,104.0,5.2,8.75,8.5,27.5,34.5,11.07,3.15,3.39,,,,,,,0.8,0.8,0.6,0.8,0.8,0.4,0.4,0.6,0.8,0.8,0.5,0.6666666666666666,0.6666666666666666,,,,,0.8235294117647058,1.4,0.0,0.9,1.6,0.4,0.273,3.7,1.6,0.423,2.1,1.7,0.8,0.3,1.0,5.3,1.1,0.4,0.9
2014,203894,MIA,Shabazz Napier,PG,71.0,73.0,175.2,75.25,93.0,7.35,8.25,8.5,30.5,37.5,11.6,3.13,3.2,,,,,,,,,,,,,,,,,,,,,,,,,2.5,0.1,1.9,2.3,0.8,0.364,4.5,1.7,0.382,1.1,0.9,0.7859999999999999,0.3,1.5,5.1,2.2,0.8,1.6
2014,203948,MIL,Johnny O?Bryant III,PF,79.25,80.5,256.8,86.25,105.0,10.75,9.25,9.5,31.0,35.5,11.57,3.32,3.45,,0.6,0.6,0.4,0.4,0.8,,,,,,0.8,0.2,0.4,0.8,0.2,0.5,0.5,0.5,,,,0.6388888888888888,,0.5,0.1,1.1,0.0,0.0,0.0,3.5,1.3,0.36700000000000005,0.8,0.4,0.444,0.8,1.3,2.9,1.9,0.1,0.7
2014,203934,ATL,Lamar Patterson,SG,76.0,77.25,226.0,83.0,101.0,10.75,9.0,9.25,27.5,32.5,11.63,3.13,3.45,,,,,,,0.8,0.2,0.6,0.8,0.6,1.0,0.8,0.2,0.8,0.2,0.8333333333333334,0.5,0.6666666666666666,,,,0.6571428571428571,,1.1,0.1,1.3,1.4,0.3,0.245,2.3,0.8,0.35,0.6,0.5,0.727,0.1,1.3,2.4,1.4,0.3,0.7
2014,203940,ATL,Adreian Payne,PF,81.0,81.75,238.5,88.0,109.0,7.55,9.25,9.5,,,,,,,,,,,,,,,,,,,,,,,,,,,,,,0.0,0.0,1.0,0.3,0.0,0.0,2.3,0.7,0.28600000000000003,0.7,0.3,0.5,0.3,1.3,1.7,1.3,0.3,0.0
2014,203901,ORL,Elfrid Payton,PG,74.5,75.75,185.4,80.0,98.5,5.65,8.75,9.0,31.5,35.5,11.06,2.92,3.23,,,,,,,,,,,,,,,,,,,,,,,,,6.5,0.2,3.0,0.5,0.1,0.262,8.6,3.7,0.425,2.6,1.4,0.551,1.3,2.4,8.9,4.3,1.7,2.5
2014,203939,BOS,Dwight Powell,PF,81.5,83.0,234.4,84.5,105.0,6.2,9.0,9.25,28.5,35.0,11.28,2.88,3.2,,0.8,1.0,0.8,0.8,0.6,,,,,,0.6,0.2,0.8,0.2,0.8,0.8333333333333334,0.5,0.6666666666666666,,,,0.6486486486486487,,0.0,0.0,0.2,0.0,0.0,0.0,1.0,0.8,0.8,0.4,0.2,0.5,0.0,0.2,1.8,0.2,0.4,0.4
2014,203944,LAL,Julius Randle,PF,79.75,81.0,249.7,84.0,105.5,9.4,8.75,8.25,29.0,35.5,11.45,3.14,3.27,,,,,,,,,,,,,,,,,,,,,,,,,0.0,0.0,0.0,0.0,0.0,0.0,3.0,1.0,0.33299999999999996,2.0,0.0,0.0,0.0,1.0,2.0,0.0,0.0,1.0
2014,203922,MIN,Glenn Robinson III,SF,77.5,78.75,211.4,82.0,100.5,5.05,9.0,9.5,36.5,41.5,11.22,3.04,3.15,,,,,,,0.8,0.6,0.6,0.8,0.8,0.4,0.4,0.6,0.6,0.6,1.0,0.8333333333333334,0.8333333333333334,,,,0.6410256410256411,,0.1,0.0,0.4,0.2,0.0,0.16699999999999998,1.0,0.3,0.33299999999999996,0.6,0.5,0.75,0.2,0.2,1.2,0.6,0.1,0.1
2014,203935,BOS,Marcus Smart,PG,74.0,75.25,227.2,81.25,99.0,10.55,9.0,8.75,33.0,36.0,10.82,2.96,3.26,,,,,,,,,,,,,,,,,,,,,,,,,3.1,0.3,2.4,4.1,1.4,0.335,7.1,2.6,0.36700000000000005,1.9,1.2,0.6459999999999999,0.9,2.6,7.8,3.3,1.5,1.3
2014,203893,NOP,Russ Smith,PG,71.5,72.75,160.0,75.5,95.0,3.5,8.25,8.5,29.5,34.0,11.57,3.01,3.27,,,,,,,0.6,0.8,0.6,0.6,0.4,1.0,0.6,0.2,0.2,0.6,0.6666666666666666,0.8333333333333334,0.5,,,,0.6944444444444444,,0.3,0.0,0.5,1.0,0.2,0.16699999999999998,1.7,0.3,0.2,0.0,0.0,0.0,0.0,1.0,0.8,0.5,0.0,1.2
2014,203917,SAC,Nik Stauskas,SG,77.25,78.5,206.9,79.75,102.0,12.05,8.5,8.5,29.0,35.5,10.79,2.92,3.27,,,,,,,,,,,,,,,,,,,,,,,,,0.9,0.2,1.1,2.0,0.7,0.322,4.1,1.5,0.365,0.9,0.8,0.8590000000000001,0.2,1.3,4.4,1.2,0.3,0.5
2014,203950,MEM,Jarnell Stokes,PF,79.0,80.5,262.8,85.25,103.5,8.2,9.75,10.5,31.0,36.0,11.92,3.2,3.26,,1.0,0.8,1.0,0.8,0.4,,,,,,0.6,0.2,0.0,0.4,0.6,0.6666666666666666,0.8333333333333334,0.5,,,,0.5833333333333334,,0.2,0.3,0.9,0.0,0.0,0.0,1.9,1.1,0.568,1.5,0.8,0.536,0.8,1.3,3.0,1.8,0.3,0.4
2014,203943,CHA,Noah Vonleh,PF,80.0,81.5,247.1,88.25,108.0,7.3,9.75,11.75,31.0,37.0,11.45,3.29,3.28,,,,,,,,,,,,,,,,,,,,,,,,,0.2,0.4,2.3,0.5,0.2,0.385,3.0,1.2,0.395,1.0,0.7,0.6920000000000001,1.1,0.8,3.3,3.4,0.2,0.4
2014,203933,PHX,T.J. Warren,SF,79.0,80.25,220.2,82.25,104.0,7.95,8.75,9.0,27.0,35.5,11.1,3.04,3.26,,,,,,,,,,,,,,,,,,,,,,,,,0.6,0.2,1.1,0.5,0.1,0.23800000000000002,5.4,2.8,0.528,0.5,0.4,0.737,1.0,1.3,6.1,2.1,0.5,0.7
2014,203912,LAC,C.J. Wilcox,SG,75.5,77.0,201.0,81.75,100.5,6.5,8.75,9.0,31.0,37.5,11.3,2.92,3.22,,,,,,,1.0,0.8,0.8,0.8,0.8,0.8,0.8,0.6,0.8,0.4,0.5,0.6666666666666666,0.3333333333333333,,,,0.6764705882352942,,0.4,0.0,0.3,0.9,0.3,0.368,1.8,0.8,0.42100000000000004,0.1,0.1,1.0,0.0,0.3,2.0,0.3,0.1,0.5
2014,203923,BOS,James Young,SG,77.25,78.75,213.3,84.0,104.0,5.1,9.0,9.5,28.0,35.5,,,,,,,,,,,,,,,,,,,,,,,,,,,,0.4,0.1,1.1,2.1,0.5,0.258,3.3,1.2,0.353,0.9,0.5,0.552,0.3,0.7,3.4,1.4,0.3,0.2
2015,1626146,POR,Cliff Alexander,PF-C,79.25,80.5,239.2,87.5,109.5,5.8,9.5,10.25,,,,,,,,,,,,,,,,,,,,,,,,,,,,,,0.0,0.3,0.5,0.0,0.0,0.0,1.3,0.6,0.5,0.0,0.0,0.0,0.3,0.1,1.3,0.8,0.1,0.1
2015,1626147,DAL,Justin Anderson,SF-SG,77.25,78.25,230.6,83.75,101.0,5.0,8.5,9.5,38.0,43.0,11.13,2.88,3.22,12.0,,,,,,1.0,0.4,0.2,0.8,0.8,0.6,0.6,0.6,0.0,0.0,0.875,0.75,0.75,,,,0.6666666666666666,,0.5,0.5,2.1,1.5,0.4,0.265,3.2,1.3,0.406,1.0,0.8,0.8,0.3,0.8,3.8,2.4,0.3,0.4
2015,1626164,PHX,Devin Booker,SG,76.5,77.75,205.8,80.25,102.5,8.3,8.75,9.0,27.5,34.5,10.27,2.75,3.28,8.0,,,,,,,,,,,,,,,,,,,,,,,,2.6,0.3,2.1,3.8,1.3,0.34299999999999997,11.4,4.8,0.423,3.4,2.8,0.84,0.4,3.0,13.8,2.5,0.6,2.1
2015,1626148,LAL,Anthony Brown,SF-SG,77.75,79.25,211.0,83.0,104.5,6.1,8.5,9.0,27.5,34.5,10.94,3.29,3.18,4.0,,,,,,0.8,1.0,0.6,1.0,0.8,0.8,0.8,0.8,0.8,1.0,0.625,0.75,0.75,,,,0.6818181818181818,,0.7,0.2,2.1,2.4,0.7,0.28600000000000003,4.3,1.3,0.31,0.7,0.6,0.85,0.3,1.2,4.0,2.4,0.5,0.5
2015,1626161,SAC,Willie Cauley-Stein,C,83.25,84.5,242.4,87.0,111.0,6.3,9.5,9.0,,,,,,,,,,,,,,,,,,,,,,,,,,,,,,0.6,1.0,3.3,0.0,0.0,0.0,5.1,2.9,0.563,1.9,1.2,0.648,2.0,2.2,7.0,5.3,0.7,0.7
2015,1626176,IND,Rakeem Christmas,PF-C,80.25,81.75,242.6,89.25,110.5,9.6,9.25,9.0,29.0,32.0,11.6,3.3,3.47,9.0,,,,,,0.4,0.8,0.6,0.8,0.6,0.6,0.2,0.2,0.2,0.6,,,,0.625,0.375,0.25,,0.6136363636363636,0.0,0.0,0.0,0.0,0.0,0.0,2.0,2.0,1.0,0.0,0.0,0.0,1.0,1.0,4.0,1.0,0.0,0.0
2015,1626192,POR,Pat Connaughton,SG,76.0,77.25,215.0,80.0,96.0,10.2,8.5,9.25,37.5,44.0,10.58,3.08,3.2,13.0,,,,,,1.0,0.6,1.0,0.4,0.8,0.8,1.0,0.6,0.4,0.6,0.75,0.25,0.5,,,,,0.46875,0.3,0.0,0.6,0.6,0.1,0.23800000000000002,1.4,0.4,0.265,0.1,0.1,1.0,0.3,0.2,1.1,0.9,0.1,0.3
2015,1626188,DAL,Quinn Cook,PG,72.25,74.0,179.0,76.0,96.5,6.7,7.5,8.75,24.5,31.0,11.44,3.41,3.38,14.0,,,,,,1.0,1.0,1.0,1.0,1.0,0.4,0.6,1.0,0.8,0.6,0.625,0.5,0.75,,,,,0.6938775510204082,2.4,0.0,0.6,2.8,1.0,0.35700000000000004,5.0,2.2,0.44,0.4,0.0,0.0,0.0,1.2,5.4,0.6,0.2,1.6
2015,1626183,LAC,Branden Dawson,PF,77.5,78.75,230.2,83.0,105.0,5.8,9.0,8.75,28.5,34.5,12.22,3.53,3.2,12.0,,,,,,0.4,0.6,0.4,0.4,0.2,0.4,0.8,0.4,0.4,0.6,,,,0.625,0.375,0.5,,0.5319148936170213,0.0,0.2,0.3,0.0,0.0,0.0,0.8,0.3,0.4,0.2,0.2,1.0,0.3,0.3,0.8,0.7,0.0,0.0
2015,1626155,HOU,Sam Dekker,SF,79.75,81.0,218.6,83.5,106.0,7.5,8.5,9.25,25.5,34.5,10.64,2.96,3.28,5.0,,,,,,,,,,,,,,,,,,,,,,,,0.0,0.0,0.3,0.0,0.0,0.0,0.0,0.0,0.0,0.0,0.0,0.0,0.0,0.0,0.0,0.3,0.3,0.0
2015,1626187,HOU,Michael Frazier II,SG,75.75,76.25,199.4,80.0,101.5,7.4,8.25,9.25,27.0,35.0,10.66,3.02,3.32,10.0,,,,,,1.0,0.4,1.0,0.6,1.0,0.8,0.6,0.8,0.4,0.8,,,,0.5,0.625,0.75,,0.723404255319149,0.1,0.0,0.3,1.0,0.3,0.25,1.4,0.5,0.364,0.8,0.5,0.667,0.1,1.6,1.8,0.4,0.3,0.3
2015,1626203,CHA,Treveon Graham,SF,76.0,77.75,219.4,82.5,103.0,5.5,8.5,8.25,28.5,31.5,11.64,3.15,3.3,11.0,,,,,,0.4,0.8,0.6,0.8,0.2,0.6,0.6,0.6,0.8,1.0,0.5,0.75,0.25,,,,,0.7804878048780488,0.2,0.0,0.6,0.6,0.3,0.6,1.5,0.7,0.475,0.6,0.4,0.667,0.2,0.7,2.1,0.8,0.2,0.1
2015,1626170,NYK,Jerian Grant,PG,75.25,76.25,198.0,79.5,100.0,5.6,8.25,8.5,,,,,,,,,,,,,,,,,,,,,,,,,,,,,,2.3,0.1,1.6,1.3,0.3,0.22,5.1,2.0,0.39399999999999996,1.6,1.3,0.78,0.3,1.3,5.6,1.9,0.7,1.1
2015,1626149,HOU,Montrezl Harrell,PF,79.0,79.5,253.4,88.25,109.0,11.9,9.0,9.75,,,,,,,,,,,,,,,,,,,,,,,,,,,,,,0.4,0.3,1.0,0.0,0.0,0.0,2.3,1.5,0.644,1.2,0.6,0.522,0.6,1.2,3.6,1.7,0.3,0.4
2015,1626151,CHA,Aaron Harrison,SG,76.5,78.0,209.2,80.25,100.5,6.0,8.75,10.0,28.5,34.5,,,3.27,1.0,,,,,,1.0,0.4,0.6,0.6,0.6,0.0,0.2,0.2,0.6,0.6,0.25,0.625,0.5,,,,,0.5121951219512195,0.1,0.0,0.5,0.5,0.1,0.3,0.9,0.2,0.263,0.6,0.2,0.41700000000000004,0.2,0.5,0.9,0.7,0.3,0.2
2015,1626150,MEM,Andrew Harrison,PG,76.5,77.5,213.2,81.0,100.0,5.9,8.25,9.25,26.5,33.0,11.2,,3.34,,,,,,,0.6,0.8,0.8,0.4,0.4,0.4,0.2,0.6,0.2,0.2,0.75,0.625,0.5,,,,,0.6153846153846154,2.8,0.3,1.6,2.2,0.6,0.276,5.0,1.6,0.325,2.7,2.1,0.763,0.3,2.7,5.9,1.9,0.7,1.2
2015,1626178,BKN,Rondae Hollis-Jefferson,SF,77.5,79.0,210.8,86.0,104.0,5.0,8.75,9.75,32.0,38.0,10.41,3.19,3.12,13.0,,,,,,,,,,,,,,,,,,,,,,,,1.5,0.6,4.0,0.5,0.1,0.28600000000000003,4.8,2.2,0.457,1.8,1.3,0.7120000000000001,1.3,2.1,5.8,5.3,1.3,0.9
2015,1626158,PHI,Richaun Holmes,PF,80.25,81.5,242.8,85.5,108.0,8.8,8.5,8.5,32.5,36.0,11.24,3.31,3.32,15.0,,,,,,1.0,0.4,0.4,0.4,0.6,0.2,0.2,0.2,0.6,0.4,0.75,0.625,0.125,,,,,0.5957446808510638,0.6,0.8,1.4,0.9,0.2,0.182,4.4,2.2,0.514,1.5,1.0,0.6890000000000001,1.2,1.8,5.6,2.6,0.4,0.6
2015,1626154,BOS,R.J. Hunter,SG,76.5,78.0,185.0,82.5,104.0,6.0,8.5,8.25,27.5,33.5,10.87,2.91,3.26,1.0,,,,,,,,,,,,,,,,,,,,,,,,0.4,0.1,1.0,1.8,0.5,0.302,2.7,1.0,0.36700000000000005,0.2,0.2,0.857,0.1,0.8,2.7,1.0,0.4,0.3
2015,1626205,MEM,Vince Hunter,PF,78.75,79.5,208.4,83.0,104.5,4.6,9.0,8.75,33.5,37.5,11.19,3.06,3.26,13.0,,,,,,0.2,0.0,0.8,0.6,0.4,0.0,0.4,0.2,0.4,0.8,,,,0.625,0.125,0.75,0.3076923076923077,,0.0,0.3,0.3,0.0,0.0,0.0,1.3,0.8,0.6,0.0,0.0,0.0,0.5,0.0,1.5,0.8,0.0,0.3
2015,1626177,OKC,Dakari Johnson,C,83.0,83.75,264.6,86.0,112.0,14.9,9.25,10.5,22.5,25.0,11.76,2.94,3.62,4.0,,,,,,,,,,,,,,,,,,,,,,,,0.3,0.3,0.6,0.0,0.0,0.0,1.3,0.7,0.564,0.6,0.4,0.55,0.5,0.9,1.8,1.1,0.2,0.1
2015,1626169,DET,Stanley Johnson,SF,77.0,78.5,241.8,83.5,102.0,7.5,9.0,9.0,,,,,,,,,,,,,,,,,,,,,,,,,,,,,,1.6,0.2,3.4,2.8,0.9,0.307,8.2,3.1,0.375,1.4,1.1,0.784,0.8,2.4,8.1,4.2,0.8,1.6
2015,1626145,MIN,Tyus Jones,PG,72.5,74.0,184.6,77.0,97.0,6.5,8.25,8.75,26.5,32.5,11.84,2.95,3.32,2.0,,,,,,,,,,,,,,,,,,,,,,,,2.9,0.1,1.1,1.4,0.4,0.302,4.2,1.5,0.359,1.1,0.8,0.718,0.2,0.9,4.2,1.3,0.8,0.9
2015,1626163,CHA,Frank Kaminsky,C-PF,83.75,84.75,231.2,83.0,109.5,9.4,8.5,9.5,,,,,,,,,,,,,,,,,,,,,,,,,,,,,,1.2,0.5,3.3,2.5,0.8,0.337,6.5,2.7,0.41,1.8,1.3,0.73,0.9,1.6,7.5,4.1,0.5,0.7
2015,1626172,GSW,Kevon Looney,PF,80.0,81.25,222.4,87.5,110.0,11.9,9.5,9.25,,,,,,,,,,,,,,,,,,,,,,,,,,,,,,0.0,0.0,1.2,0.4,0.2,0.5,1.4,0.8,0.5710000000000001,0.0,0.0,0.0,0.8,0.4,1.8,2.0,0.0,0.2
2015,1626168,UTA,Trey Lyles,PF,81.0,82.25,241.2,85.5,108.0,12.1,9.25,10.25,,,,,,,,,,,,,,,,,,,,,,,,,,,,,,0.7,0.2,3.0,1.6,0.6,0.38299999999999995,5.5,2.4,0.43799999999999994,1.0,0.7,0.695,0.7,1.4,6.1,3.7,0.3,0.8
2015,1626185,MEM,Jarell Martin,PF,80.0,81.25,238.6,81.0,106.5,10.1,8.25,9.5,28.5,35.0,11.2,2.97,3.27,19.0,,,,,,,,,,,,,,,,,,,,,,,,0.6,0.3,1.7,0.1,0.0,0.0,4.3,2.0,0.466,2.3,1.7,0.726,1.4,2.1,5.7,3.2,0.3,0.7
2015,204456,PHI,TJ McConnell,PG,72.5,74.0,187.8,74.0,96.5,7.3,7.5,7.0,26.0,31.5,10.95,3.09,3.3,7.0,,,,,,0.8,0.8,0.6,0.8,0.4,0.4,0.6,0.4,1.0,0.2,0.625,0.625,0.5,,,,,0.7659574468085106,4.5,0.1,2.6,1.1,0.4,0.348,5.7,2.7,0.47,0.5,0.3,0.634,0.5,1.4,6.1,3.1,1.2,1.7
2015,1626191,BKN,Chris McCullough,PF,80.25,81.0,199.0,87.25,109.0,6.2,8.75,8.75,,,,,,,,,,,,,,,,,,,,,,,,,,,,,,0.4,0.5,1.8,1.4,0.5,0.382,4.5,1.8,0.40399999999999997,1.0,0.5,0.478,1.0,1.6,4.7,2.8,1.2,0.6
2015,1626175,BOS,Jordan Mickey,PF,79.0,80.25,238.0,87.25,106.0,7.2,8.75,9.5,33.0,37.5,11.72,3.13,3.28,9.0,,,,,,0.6,0.4,0.6,1.0,0.2,0.4,0.2,0.6,0.6,0.4,,,,0.75,0.75,0.875,,0.5957446808510638,0.1,0.7,0.4,0.0,0.0,0.0,1.4,0.5,0.364,0.6,0.3,0.5,0.4,0.3,1.3,0.8,0.0,0.1
2015,1626162,WAS,Kelly Oubre,SF-SG,77.75,78.75,202.8,86.25,102.5,5.7,9.0,8.75,34.5,37.0,11.09,3.12,3.32,7.0,,,,,,,,,,,,,,,,,,,,,,,,0.2,0.1,1.7,1.3,0.4,0.316,3.3,1.4,0.42700000000000005,0.8,0.5,0.633,0.4,1.6,3.7,2.1,0.3,0.5
2015,1626166,OKC,Cameron Payne,PG,72.75,73.5,182.8,79.25,97.5,6.3,8.5,8.25,29.75,35.5,10.9,2.93,3.28,0.0,,,,,,1.0,0.6,0.6,0.8,0.8,0.6,0.8,0.2,0.6,0.6,0.125,0.625,0.75,,,,0.5952380952380952,,1.9,0.1,1.3,1.9,0.6,0.324,4.9,2.0,0.41,0.4,0.3,0.792,0.2,1.4,5.0,1.5,0.6,0.8
2015,1626171,CHI,Bobby Portis,PF,81.5,82.5,246.2,86.0,108.5,8.9,9.5,9.25,25.0,31.5,11.78,3.28,3.56,5.0,,,,,,,,,,,,,,,,,,,,,,,,0.8,0.4,3.5,0.8,0.3,0.308,7.0,3.0,0.42700000000000005,1.1,0.8,0.727,2.0,1.6,7.0,5.4,0.4,0.9
2015,1626181,TOR,Norman Powell,SG,75.0,76.25,215.4,82.75,102.5,6.4,9.25,9.0,32.5,40.5,10.69,3.2,3.2,5.0,,,,,,0.8,0.4,1.0,0.2,0.8,0.6,0.4,0.4,0.2,0.6,1.0,0.75,0.625,,,,,0.6190476190476191,1.0,0.2,1.9,1.8,0.7,0.40399999999999997,4.7,2.0,0.424,1.1,0.9,0.8109999999999999,0.3,1.2,5.6,2.3,0.6,0.7
2015,1626184,PHI,Chasson Randle,PG,72.25,73.5,178.8,79.0,96.5,4.5,8.5,9.5,33.5,39.5,10.63,2.81,3.2,6.0,,,,,,0.4,0.6,0.6,0.8,0.4,0.2,0.8,0.4,0.8,0.8,0.875,0.75,0.5,,,,,0.6888888888888889,0.8,0.1,0.6,1.9,0.8,0.4,3.3,1.5,0.462,1.5,1.5,1.0,0.0,1.4,5.3,0.6,0.4,0.4
2015,1626179,BOS,Terry Rozier,PG-SG,72.5,74.25,190.2,80.25,98.5,5.6,8.25,8.5,33.0,38.0,10.84,2.84,3.15,7.0,,,,,,0.8,0.8,0.8,0.8,0.6,1.0,1.0,1.0,0.6,0.8,0.625,0.625,0.75,,,,0.8085106382978723,,0.9,0.0,1.0,0.7,0.2,0.222,2.7,0.7,0.27399999999999997,0.3,0.2,0.8,0.6,0.6,1.8,1.6,0.2,0.5
2015,1626156,LAL,D?Angelo Russell,PG-SG,75.25,77.0,193.4,81.75,102.0,8.3,8.75,9.75,,,,,,,,,,,,,,,,,,,,,,,,,,,,,,3.3,0.2,2.8,4.6,1.6,0.35100000000000003,12.0,4.9,0.41,2.4,1.8,0.737,0.6,1.8,13.2,3.4,1.2,2.5
2015,1626167,IND,Myles Turner,C-PF,81.75,83.5,238.6,88.0,112.0,9.3,9.25,9.25,,,,,,,,,,,,,,,,,,,,,,,,,,,,,,0.7,1.4,4.4,0.2,0.1,0.214,8.8,4.4,0.498,2.0,1.5,0.727,1.1,2.6,10.3,5.5,0.4,1.1
2015,1626173,MIL,Rashad Vaughn,SG,75.75,77.0,198.6,79.0,101.0,6.2,8.0,8.5,28.0,34.0,11.4,3.1,3.21,5.0,,,,,,0.6,0.6,0.8,0.4,0.8,,,,,,0.8333333333333334,0.6666666666666666,1.0,,,,0.7,,0.6,0.2,1.1,2.1,0.6,0.293,3.8,1.2,0.305,0.2,0.2,0.8,0.2,1.0,3.1,1.3,0.4,0.4
2015,1626210,PHX,Alan Williams,PF,79.25,80.25,261.4,85.75,106.5,12.0,8.5,9.5,25.5,28.5,12.26,3.54,3.5,8.0,,,,,,0.4,0.6,0.4,0.6,0.6,0.0,0.0,0.0,0.0,0.2,,,,0.875,0.375,0.25,0.4166666666666667,,0.5,0.5,2.4,0.0,0.0,0.0,2.4,1.0,0.41700000000000004,1.4,0.9,0.643,1.4,1.5,2.9,3.8,0.4,0.6
2015,1626159,MIA,Justise Winslow,SF,76.5,78.5,221.8,82.25,104.5,5.3,8.5,9.25,,,,,,,,,,,,,,,,,,,,,,,,,,,,,,1.5,0.3,4.1,1.5,0.4,0.276,5.9,2.5,0.42200000000000004,1.5,1.0,0.684,1.0,2.4,6.4,5.2,0.9,1.2
2015,1626174,PHI,Christian Wood,PF,81.25,82.5,216.0,87.25,111.5,14.7,9.25,10.75,,,,,,,,,,,,,,,,,,,,,,,,,,,,,,0.2,0.4,1.5,0.6,0.2,0.364,3.1,1.3,0.415,1.2,0.8,0.619,0.8,0.6,3.6,2.2,0.3,0.1
2015,1626153,TOR,Delon Wright,PG,76.25,77.5,181.4,79.5,101.5,6.6,8.0,8.5,29.5,31.0,11.16,3.5,3.29,4.0,,,,,,,,,,,,,,,,,,,,,,,,1.1,0.1,1.1,0.5,0.2,0.385,3.0,1.3,0.45,1.3,1.0,0.743,0.3,0.3,3.8,1.4,0.3,0.6
2016,1627758,NYK,Ron Baker,SG,75.25,76.25,212.4,81.75,97.5,7.85,8.75,9.5,30.0,35.5,10.77,2.96,3.45,,,,,,,1.0,0.6,0.4,0.8,0.4,1.0,0.0,0.4,1.0,0.8,0.8333333333333334,0.5,0.8333333333333334,,,,0.78125,,2.1,0.2,1.7,1.7,0.4,0.267,4.2,1.6,0.37799999999999995,0.8,0.5,0.6509999999999999,0.2,1.4,4.1,1.9,0.7,1.1
2016,1627735,MEM,Wade Baldwin IV,PG,74.5,76.0,201.8,83.25,100.0,5.2,9.0,9.75,32.5,38.0,10.45,3.01,3.19,,,,,,,,,,,,,,,,,,,,,,,,,1.8,0.2,1.1,0.7,0.1,0.136,3.5,1.1,0.313,1.1,0.9,0.838,0.3,1.2,3.2,1.4,0.5,1.2
2016,1627736,DEN,Malik Beasley,SG,75.5,76.5,189.8,79.0,100.5,6.9,8.5,9.0,,,,0.0,,,,,,,,,,,,,,,,,,,,,,,,,,0.5,0.0,0.5,1.3,0.4,0.321,3.3,1.5,0.452,0.5,0.4,0.8,0.2,0.5,3.8,0.8,0.3,0.4
2016,1627761,ATL,DeAndre Bembry,SG-SF,76.25,77.75,206.6,81.25,101.0,7.0,8.0,9.25,32.0,38.0,10.9,2.87,3.17,,0.4,0.4,0.6,0.8,0.8,,,,,,0.2,0.8,0.4,0.2,0.8,0.3333333333333333,0.3333333333333333,0.5,,,,0.4444444444444444,0.6,0.7,0.1,1.2,0.5,0.0,0.055999999999999994,2.6,1.2,0.48,0.4,0.2,0.375,0.4,0.6,2.7,1.6,0.2,0.4
2016,1627791,DAL,Ben Bentil,PF,79.25,80.25,229.2,85.5,105.0,9.7,9.5,10.0,29.0,33.0,11.16,3.1,3.3,,0.4,0.6,0.8,0.8,0.8,,,,,,0.4,0.6,0.6,0.8,0.4,0.8333333333333334,0.5,0.5,,,,0.6666666666666666,,0.0,0.0,0.7,0.3,0.0,0.0,1.0,0.0,0.0,0.0,0.0,0.0,0.0,0.3,0.0,0.7,0.0,0.3
2016,1628417,CLE,Jaron Blossomgame,SF,78.25,79.25,213.6,82.0,102.0,5.25,8.5,10.0,35.0,41.0,11.53,3.26,3.2,,0.2,0.8,0.6,0.4,0.2,,,,,,0.6,0.6,0.6,0.6,0.6,0.5,1.0,0.5,,,,0.6363636363636364,0.6363636363636364,0.5,0.3,2.7,1.4,0.4,0.256,3.9,1.7,0.44299999999999995,0.5,0.4,0.769,1.0,0.7,4.2,3.6,0.3,0.4
2016,1627762,UTA,Joel Bolomboy,PF,79.5,81.0,224.4,85.75,103.5,5.15,9.0,10.25,37.5,40.5,10.26,2.86,3.17,,0.4,1.0,1.0,0.4,0.6,,,,,,0.6,0.4,0.6,0.4,0.8,0.8333333333333334,0.6666666666666666,0.6666666666666666,,,,0.7272727272727273,0.8,0.2,0.2,1.1,0.3,0.1,0.25,1.3,0.8,0.563,0.5,0.3,0.5,0.3,0.1,1.8,1.4,0.1,0.2
2016,1627763,MIL,Malcolm Brogdon,SG,75.75,77.5,223.0,82.5,98.0,5.4,9.0,10.25,30.5,35.5,10.77,2.64,3.31,,0.6,1.0,0.8,0.8,1.0,,,,,,0.6,0.8,0.0,0.4,0.8,0.3333333333333333,0.6666666666666666,0.8333333333333334,,,,0.8181818181818182,0.8181818181818182,4.2,0.2,2.2,2.6,1.0,0.40399999999999997,8.5,3.9,0.457,1.7,1.5,0.865,0.6,1.9,10.2,2.8,1.1,1.5
2016,1627759,BOS,Jaylen Brown,SG-SF,77.25,78.75,222.8,83.75,102.5,5.05,8.75,9.0,,,,,,,,,,,,,,,,,,,,,,,,,,,,,,0.8,0.2,2.2,1.7,0.6,0.34299999999999997,5.4,2.5,0.455,1.6,1.1,0.685,0.6,1.8,6.6,2.8,0.4,0.9
2016,1627737,PHX,Marquese Chriss,PF,80.75,82.0,233.0,84.25,105.0,8.5,9.0,9.0,32.5,38.5,11.93,3.05,3.26,,,,,,,,,,,,,,,,,,,,,,,,,0.7,0.9,3.1,2.7,0.9,0.321,7.7,3.5,0.449,2.2,1.4,0.624,1.2,3.2,9.2,4.2,0.8,1.3
2016,1627738,MEM,Deyonta Davis,PF,81.25,82.5,237.2,86.5,108.5,9.7,9.0,9.25,,,,,,,,,,,,,,,,,,,,,,,,,,,,,,0.1,0.5,1.1,0.0,0.0,0.0,1.3,0.7,0.511,0.5,0.3,0.556,0.6,1.1,1.6,1.7,0.1,0.2
2016,1627767,NOP,Cheick Diallo,PF,79.5,81.0,218.6,88.5,107.5,5.6,8.5,9.75,31.0,35.0,11.24,3.3,3.26,,0.4,0.6,0.6,0.8,1.0,,,,,,0.4,0.8,0.4,0.0,0.4,0.5,0.8333333333333334,0.5,,,,0.46875,,0.2,0.4,2.9,0.0,0.0,0.0,4.5,2.1,0.474,1.2,0.9,0.7140000000000001,1.4,1.0,5.1,4.3,0.2,0.4
2016,1627739,MIN,Kris Dunn,PG,75.0,76.25,,81.5,100.0,,,,,,,,,,,,,,,,,,,,,,,,,,,,,,,,,2.4,0.5,1.8,0.9,0.3,0.28800000000000003,4.0,1.5,0.377,0.8,0.5,0.61,0.3,2.3,3.8,2.1,1.0,1.1
2016,1627740,DET,Henry Ellenson,PF,82.0,83.5,242.0,86.25,108.0,11.2,8.5,9.75,,,,,,,,,,,,,,,,,,,,,,,,,,,,,,0.4,0.1,1.7,1.8,0.5,0.28600000000000003,3.4,1.2,0.359,0.4,0.2,0.5,0.4,0.3,3.2,2.2,0.1,0.7
2016,1627770,CLE,Kay Felder,PG,68.25,69.5,177.2,74.5,88.5,5.8,8.25,8.5,35.5,44.0,11.52,2.9,3.15,,0.2,0.6,1.0,0.4,0.8,,,,,,0.4,0.0,0.8,0.6,0.8,0.16666666666666666,0.5,0.6666666666666666,,,,0.6363636363636364,0.7,1.4,0.2,0.9,0.5,0.2,0.318,3.8,1.5,0.392,1.2,0.8,0.7140000000000001,0.1,0.9,4.0,1.0,0.4,0.7
2016,1627827,DAL,Dorian Finney-Smith,SF,78.5,79.75,212.6,83.75,105.5,6.45,9.0,9.75,32.5,35.5,11.01,3.04,3.27,,0.8,1.0,0.8,0.8,0.4,,,,,,1.0,0.8,0.6,0.4,0.4,0.3333333333333333,0.8333333333333334,0.8333333333333334,,,,0.6666666666666666,,0.8,0.3,2.1,2.4,0.7,0.293,4.1,1.5,0.37200000000000005,0.8,0.6,0.754,0.7,1.5,4.3,2.7,0.6,0.6
2016,1627771,DET,Michael Gbinije,SG,77.5,78.75,204.6,79.5,101.0,5.4,8.0,9.0,33.5,37.5,11.0,3.19,3.12,,0.6,0.2,0.4,0.8,0.4,,,,,,0.8,0.8,0.2,0.4,0.4,0.5,0.5,0.6666666666666666,,,,0.6363636363636364,0.5454545454545454,0.2,0.0,0.1,0.4,0.0,0.0,1.1,0.1,0.1,0.2,0.2,1.0,0.2,0.2,0.4,0.3,0.0,0.0
2016,1627772,OKC,Daniel Hamilton,SG-SF,78.25,80.0,197.0,81.0,103.5,5.95,9.0,8.5,26.0,29.0,11.48,3.2,3.4,,0.6,0.4,0.4,0.2,0.6,,,,,,0.2,0.8,0.2,0.6,0.4,0.5,1.0,0.6666666666666666,,,,0.7272727272727273,0.7272727272727273,1.3,0.0,0.8,0.8,0.3,0.4,1.8,0.8,0.455,0.0,0.0,0.0,0.0,0.3,2.0,0.8,0.2,0.3
2016,1628404,LAL,Josh Hart,SG,76.0,77.5,203.6,80.5,99.5,5.75,8.5,9.25,29.5,38.5,11.15,3.15,3.2,,,,,,,0.8,0.8,0.8,0.6,1.0,0.8,0.6,0.6,0.2,0.8,0.5,0.3333333333333333,0.5,,,,0.6764705882352942,,1.3,0.3,3.5,3.1,1.2,0.396,6.0,2.8,0.469,1.5,1.0,0.7020000000000001,0.7,1.7,7.9,4.2,0.7,0.7
2016,1628502,LAL,Nigel Hayes,SF-PF,78.25,79.25,245.0,87.0,107.5,10.9,8.5,9.5,25.5,28.5,12.11,2.9,3.2,,0.4,0.4,0.6,0.8,0.4,,,,,,0.6,0.8,0.6,0.2,0.8,0.3333333333333333,0.3333333333333333,0.6666666666666666,,,,0.6363636363636364,0.6,1.0,0.0,0.0,1.0,0.0,0.0,1.5,0.5,0.33299999999999996,0.5,0.5,1.0,0.0,0.0,1.5,0.0,0.0,0.0
2016,1627741,NOP,Buddy Hield,SG,75.75,77.0,212.4,81.25,101.0,6.1,8.5,9.0,,,,,,,,,,,,,,,,,,,,,,,,,,,,,,1.4,0.1,2.6,4.2,1.6,0.369,8.3,3.2,0.39299999999999996,0.6,0.5,0.879,0.3,1.4,8.6,2.9,0.3,0.8
2016,1627743,BOS,Demetrius Jackson,PG,72.0,73.25,193.8,77.5,93.0,6.5,8.25,9.0,37.5,43.5,10.81,2.87,3.25,,,,,,,,,,,,,,,,,,,,,,,,,0.6,0.0,0.4,0.2,0.2,1.0,0.8,0.6,0.75,1.2,0.6,0.5,0.4,0.0,2.0,0.8,0.0,0.0
2016,1627744,LAC,Brice Johnson,PF,81.0,82.5,208.6,84.5,106.5,7.5,9.0,8.25,33.5,38.0,11.88,2.94,3.2,,,,,,,,,,,,,,,,,,,,,,,,,0.3,0.3,0.7,0.0,0.0,0.0,2.3,0.7,0.28600000000000003,0.0,0.0,0.0,0.3,0.0,1.3,1.0,0.7,0.3
2016,1627745,GSW,Damian Jones,C,82.25,83.5,243.6,87.75,107.0,6.55,8.75,10.5,36.0,37.0,11.35,3.12,3.2,,0.4,0.4,0.4,0.2,0.8,,,,,,0.6,0.8,0.4,0.6,0.6,0.5,0.8333333333333334,0.16666666666666666,,,,0.5806451612903226,,0.0,0.4,1.4,0.0,0.0,0.0,1.6,0.8,0.5,1.0,0.3,0.3,0.9,1.5,1.9,2.3,0.1,0.6
2016,1627746,SAC,Skal Labissiere,PF-C,82.5,83.75,215.8,86.5,105.5,5.7,8.75,9.0,,,,,,,,,,,,,,,,,,,,,,,,,,,,,,0.8,0.4,3.4,0.2,0.1,0.375,6.6,3.5,0.537,2.2,1.6,0.703,1.5,1.9,8.8,4.9,0.5,1.1
2016,1627774,POR,Jake Layman,SF,80.0,81.25,208.6,81.25,102.0,7.1,8.25,9.25,33.0,39.5,11.35,2.82,3.24,,0.8,0.8,0.6,0.8,0.8,,,,,,0.6,0.8,0.2,0.8,1.0,0.3333333333333333,0.8333333333333334,0.8333333333333334,,,,0.8181818181818182,0.5454545454545454,0.3,0.1,0.5,1.5,0.4,0.255,2.5,0.7,0.292,0.5,0.4,0.765,0.2,0.6,2.2,0.7,0.3,0.3
2016,1627747,BKN,Caris LeVert,SG,77.75,79.0,191.0,82.0,101.0,7.55,8.5,9.25,,,,,,,,,,,,,,,,,,,,,,,,,,,,,,1.9,0.1,2.9,3.2,1.0,0.321,6.7,3.0,0.45,1.6,1.2,0.72,0.4,1.6,8.2,3.3,0.9,1.0
2016,1627748,MIL,Thon Maker,PF,83.75,84.75,216.0,87.0,110.5,6.05,8.75,9.5,32.0,36.5,11.15,3.09,3.33,,,,,,,,,,,,,,,,,,,,,,,,,0.4,0.5,1.3,1.3,0.5,0.37799999999999995,3.2,1.5,0.45899999999999996,0.9,0.6,0.653,0.7,1.5,4.0,2.0,0.2,0.3
2016,1627775,GSW,Patrick McCaw,PG-SG,77.25,78.75,180.8,82.0,100.5,4.7,8.75,8.75,30.0,38.0,11.01,2.97,3.3,,0.4,1.0,0.4,0.4,0.6,,,,,,0.4,0.6,0.8,0.2,0.6,0.6666666666666666,0.5,0.8333333333333334,,,,0.6666666666666666,0.6363636363636364,1.1,0.2,1.1,1.7,0.6,0.33299999999999996,3.5,1.5,0.433,0.5,0.4,0.784,0.3,0.9,4.0,1.4,0.5,0.5
2016,1629005,CLE,Malik Newman,SG,74.25,75.5,182.2,77.75,97.5,5.6,8.25,9.25,30.0,35.5,10.88,3.11,3.28,,0.6,1.0,0.2,0.8,0.6,,,,,,0.6,0.8,0.6,0.6,0.4,0.6666666666666666,0.8333333333333334,0.8333333333333334,,,,0.65625,,0.0,0.0,0.0,1.0,0.0,0.0,2.0,0.0,0.0,2.0,2.0,1.0,0.0,0.0,2.0,0.0,0.0,1.0
2016,1627777,IND,Georges Niang,PF,78.75,80.5,230.8,82.0,103.0,10.05,9.25,9.25,25.0,31.0,11.64,3.17,3.49,,0.8,0.6,0.8,0.8,1.0,,,,,,1.0,1.0,0.8,0.6,0.6,1.0,0.3333333333333333,0.6666666666666666,,,,0.7333333333333333,,0.2,0.0,0.7,0.5,0.0,0.083,1.6,0.4,0.25,0.1,0.1,1.0,0.1,0.3,0.9,0.7,0.1,0.2
2016,1627778,HOU,Chinanu Onuaku,C,81.0,82.0,245.2,86.75,108.5,8.55,9.0,8.0,27.5,33.5,11.65,3.0,3.5,,0.6,0.4,0.8,0.8,0.4,,,,,,0.4,0.4,0.4,0.2,0.2,0.3333333333333333,0.5,0.6666666666666666,,,,0.5757575757575758,,0.6,0.2,1.6,0.0,0.0,0.0,1.4,1.0,0.7140000000000001,0.8,0.8,1.0,0.4,1.2,2.8,2.0,0.6,0.8
2016,1627779,CHA,Marcus Paige,PG,72.5,73.75,163.8,78.25,97.0,4.3,7.75,8.75,33.5,39.5,10.82,2.69,3.15,,0.4,0.8,0.2,0.8,0.6,,,,,,0.4,0.6,1.0,0.4,0.4,0.6666666666666666,0.8333333333333334,0.8333333333333334,,,,0.8,,0.6,0.0,0.8,1.6,0.4,0.25,2.8,0.8,0.28600000000000003,0.4,0.4,1.0,0.0,0.0,2.4,0.8,0.0,0.0
2016,1627780,MIL,Gary Payton II,PG,74.0,75.0,183.8,80.0,99.5,3.95,8.75,9.5,31.5,38.5,11.57,3.17,3.23,,0.4,0.4,0.6,0.8,0.8,,,,,,0.0,0.4,0.8,1.0,0.6,0.3333333333333333,0.3333333333333333,0.5,,,,0.5454545454545454,0.5,2.2,0.7,2.0,1.5,0.2,0.111,3.7,1.3,0.364,0.8,0.5,0.6,0.0,1.5,3.3,2.0,0.5,1.7
2016,1627751,TOR,Jakob Poeltl,C,84.25,85.0,239.0,86.75,111.5,5.8,9.25,10.25,,,,,,,,,,,,,,,,,,,,,,,,,,,,,,0.2,0.4,1.6,0.0,0.0,0.0,2.1,1.2,0.583,1.1,0.6,0.544,1.4,2.1,3.1,3.1,0.3,0.5
2016,1627752,ATL,Taurean Prince,SF,78.5,79.75,220.2,83.5,102.0,6.45,9.0,8.5,34.0,36.0,10.96,2.8,3.24,,0.6,0.6,0.4,0.4,0.6,,,,,,0.8,0.0,0.2,0.4,0.2,0.6666666666666666,0.6666666666666666,0.5,,,,0.5294117647058824,,0.9,0.5,2.2,1.7,0.6,0.324,4.8,1.9,0.4,1.6,1.3,0.787,0.4,1.6,5.7,2.7,0.7,1.0
2016,1627753,HOU,Zhou Qi,PF-C,85.25,86.25,218.2,91.75,112.5,4.85,9.25,9.5,31.5,32.0,11.27,2.9,3.46,,0.4,0.4,0.4,0.6,0.8,,,,,,0.8,0.6,0.4,0.6,0.4,0.3333333333333333,0.6666666666666666,0.3333333333333333,,,,0.6206896551724138,,0.1,0.8,0.9,1.1,0.1,0.105,1.8,0.3,0.188,0.7,0.4,0.667,0.3,0.8,1.2,1.2,0.1,0.6
2016,1627781,SAC,Malachi Richardson,SG-SF,76.75,78.25,199.6,84.0,101.5,7.0,8.75,10.0,33.0,38.0,10.56,3.25,3.33,,0.8,0.4,1.0,0.6,0.6,,,,,,0.8,0.4,0.6,0.4,0.6,0.6666666666666666,0.5,1.0,,,,0.6428571428571429,,0.5,0.0,0.9,1.3,0.4,0.28600000000000003,3.1,1.3,0.41200000000000003,0.9,0.7,0.789,0.1,1.0,3.6,1.0,0.2,0.4
2016,1627782,NOP,Wayne Selden,SG,76.25,77.75,232.4,82.5,101.0,7.3,9.0,9.25,,,,,,,,,,,,,,,,,,,,,,,,,,,,,,0.3,0.0,1.7,2.3,1.3,0.5710000000000001,2.7,1.7,0.625,1.3,0.7,0.5,0.0,2.0,5.3,1.7,0.7,1.0
2016,1627783,TOR,Pascal Siakam,PF,80.25,81.5,226.6,87.25,107.5,5.2,9.25,10.0,30.5,36.5,11.25,3.09,3.41,,1.0,0.2,0.4,0.4,0.8,,,,,,0.4,0.4,0.4,0.6,0.6,0.5,0.16666666666666666,0.16666666666666666,,,,0.46875,,0.3,0.8,2.2,0.1,0.0,0.14300000000000002,3.7,1.9,0.502,0.6,0.4,0.688,1.2,2.0,4.2,3.4,0.5,0.6
2016,1627754,LAC,Diamond Stone,C,81.0,82.25,254.4,86.75,108.5,12.85,8.5,7.75,27.0,29.5,12.02,3.22,3.5,,,,,,,,,,,,,,,,,,,,,,,,,0.0,0.1,0.7,0.0,0.0,0.0,1.9,0.4,0.231,0.6,0.6,1.0,0.1,0.7,1.4,0.9,0.0,0.3
2016,1628403,POR,Caleb Swanigan,PF,79.5,80.5,246.6,87.5,107.0,12.55,9.0,10.25,26.0,29.0,12.8,,,,0.6,0.2,1.0,0.4,0.8,,,,,,0.8,0.4,0.6,0.8,0.4,0.6666666666666666,0.5,1.0,,,,0.625,,0.5,0.1,1.4,0.3,0.0,0.125,2.2,0.9,0.4,0.7,0.4,0.667,0.6,1.4,2.3,2.0,0.2,0.7
2016,1627755,PHX,Tyler Ulis,PG,68.75,70.0,149.2,74.0,88.5,5.2,7.5,7.5,32.5,38.0,10.8,2.88,3.2,,,,,,,,,,,,,,,,,,,,,,,,,3.7,0.1,1.2,1.3,0.3,0.266,7.2,3.0,0.42100000000000004,1.2,0.9,0.775,0.3,1.2,7.3,1.6,0.8,1.3
2016,1627784,DAL,Jarrod Uthoff,PF,80.5,81.75,214.4,83.5,104.0,6.0,8.75,9.0,29.0,34.5,11.52,3.03,3.5,,0.6,0.8,1.0,1.0,0.8,,,,,,0.4,0.6,0.8,0.6,0.6,0.6666666666666666,0.8333333333333334,1.0,,,,0.6875,,1.0,0.4,1.6,1.0,0.3,0.33299999999999996,4.2,1.8,0.42100000000000004,0.8,0.6,0.7140000000000001,0.9,0.9,4.4,2.4,0.2,0.3
2016,1627756,CHI,Denzel Valentine,SG-SF,76.0,77.75,210.4,82.75,102.0,9.2,8.5,9.75,27.0,32.0,10.51,3.22,3.46,,,,,,,,,,,,,,,,,,,,,,,,,1.1,0.1,2.5,3.6,1.3,0.35100000000000003,5.1,1.8,0.354,0.3,0.2,0.778,0.2,1.5,5.1,2.6,0.5,0.9
2016,1627785,BKN,Isaiah Whitehead,PG-SG,75.25,76.5,210.0,80.75,100.0,9.25,8.5,8.75,27.5,35.5,11.65,3.21,3.34,,0.2,0.6,0.8,1.0,0.8,,,,,,0.8,0.2,0.6,0.4,0.4,0.5,0.5,0.6666666666666666,,,,0.7777777777777778,0.625,2.6,0.5,2.1,2.0,0.6,0.295,7.0,2.8,0.402,1.5,1.2,0.805,0.4,2.4,7.4,2.5,0.6,1.9
2016,1627786,MEM,Troy Williams,SF,77.75,78.75,217.8,80.25,102.0,10.0,8.25,9.25,30.0,36.0,10.72,3.08,3.35,,0.2,0.6,0.6,1.0,0.8,,,,,,0.8,0.6,0.6,0.6,0.8,0.6666666666666666,0.6666666666666666,0.6666666666666666,,,,0.59375,,0.8,0.4,1.6,1.7,0.4,0.244,5.1,2.1,0.415,1.0,0.6,0.6,0.3,1.8,5.3,1.9,1.0,1.1
2016,1627787,HOU,Kyle Wiltjer,PF,80.75,82.0,242.8,84.25,102.5,15.25,8.25,9.5,28.5,35.5,11.35,3.04,3.48,,1.0,0.6,0.4,1.0,0.6,,,,,,0.6,0.6,0.8,0.8,1.0,0.6666666666666666,1.0,0.3333333333333333,,,,0.84375,,0.1,0.1,0.4,0.9,0.3,0.308,1.0,0.3,0.28600000000000003,0.1,0.1,0.5,0.3,0.3,0.9,0.7,0.2,0.4
2016,1627757,ORL,Stephen Zimmerman,C,82.25,83.75,234.0,87.25,108.5,11.15,9.0,9.0,26.0,31.0,12.08,3.16,3.43,,,,,,,,,,,,,,,,,,,,,,,,,0.2,0.3,1.3,0.0,0.0,0.0,1.6,0.5,0.32299999999999995,0.3,0.2,0.6,0.6,0.9,1.2,1.8,0.1,0.2
2017,1628389,MIA,Edrice Adebayo,PF-C,80.75,75.75,242.6,86.75,108.0,5.2,9.5,8.75,33.5,38.5,11.94,3.24,3.24,12.0,,,,,,,,,,,,,,,,,,,,,,,,1.5,0.6,3.8,0.1,0.0,0.0,4.9,2.5,0.512,2.6,1.9,0.721,1.7,2.0,6.9,5.5,0.5,1.0
2017,1628959,CHI,Rawle Alkins,SG-SF,74.5,75.75,222.6,80.75,99.0,11.0,8.75,10.0,31.5,40.5,11.99,3.18,3.3,7.0,,,,,,0.8,1.0,0.4,0.2,0.4,0.6,0.6,0.8,0.8,0.6,0.3333333333333333,0.8333333333333334,0.5,,,,0.6410256410256411,,1.3,0.0,1.5,1.2,0.3,0.25,3.9,1.3,0.33299999999999996,1.2,0.8,0.667,1.1,0.7,3.7,2.6,0.1,0.8
2017,1628386,BKN,Jarrett Allen,C,81.0,82.25,233.6,89.25,109.5,7.4,9.5,10.5,31.5,35.5,11.82,3.0,3.21,4.0,,,,,,,,,,,,,,,,,,,,,,,,0.7,1.2,3.4,0.2,0.1,0.33299999999999996,5.5,3.3,0.589,2.0,1.6,0.7759999999999999,2.0,2.0,8.2,5.4,0.4,1.1
2017,1628443,BOS,Kadeem Allen,PG,73.0,74.25,192.4,81.25,99.5,6.4,8.5,8.75,33.0,35.5,11.24,2.98,3.15,7.0,,,,,,0.6,0.6,0.6,0.4,0.8,0.6,0.8,0.6,0.4,0.4,0.5,0.8333333333333334,0.6666666666666666,,,,0.7142857142857143,,0.7,0.1,0.4,0.6,0.0,0.0,1.2,0.3,0.273,0.5,0.4,0.778,0.2,0.8,1.1,0.6,0.2,0.5
2017,1628387,IND,Ike Anigbogu,C,80.5,81.75,252.2,90.25,110.5,5.4,9.5,10.0,29.5,32.5,12.52,3.48,3.44,11.0,,,,,,,,,,,,,,,,,,,,,,,,0.0,0.3,0.4,0.0,0.0,0.0,0.8,0.4,0.444,0.5,0.5,0.833,0.5,0.1,1.2,0.8,0.1,0.2
2017,1628384,TOR,OG Anunoby,SF,78.25,79.75,232.4,86.25,107.5,6.8,9.25,9.5,,,,,,,,,,,,,,,,,,,,,,,,,,,,,,0.7,0.2,1.9,2.7,1.0,0.371,4.7,2.2,0.47100000000000003,0.8,0.5,0.629,0.6,1.8,5.9,2.5,0.7,0.6
2017,1628503,ORL,Jamel Artis,SG-SF,77.5,78.75,213.2,82.0,105.0,11.9,9.25,9.75,23.5,31.0,11.62,3.08,3.44,5.0,0.6,0.4,0.6,0.6,0.6,,,,,,0.4,0.0,0.6,0.8,0.8,0.5,0.6666666666666666,0.8333333333333334,,,,0.5277777777777778,,1.2,0.2,2.3,1.9,0.5,0.276,5.3,2.1,0.392,0.8,0.5,0.583,0.3,0.7,5.1,2.5,0.1,0.5
2017,1628407,CHA,Dwayne Bacon,SG-SF,76.75,78.25,221.6,82.0,103.5,7.9,8.75,10.0,30.0,36.5,11.7,3.22,3.22,8.0,,,,,,,,,,,,,,,,,,,,,,,,0.7,0.0,2.3,0.8,0.2,0.256,3.6,1.4,0.375,0.5,0.4,0.8,0.1,0.9,3.3,2.3,0.3,0.4
2017,1628395,GSW,Jordan Bell,PF,79.0,80.5,223.6,83.75,104.5,5.4,9.25,9.5,31.5,38.0,10.63,2.83,3.21,16.0,0.8,0.2,0.2,0.0,0.4,,,,,,0.8,0.0,0.4,0.4,0.4,0.6666666666666666,0.5,0.16666666666666666,,,,0.6052631578947368,,1.8,1.0,2.6,0.1,0.0,0.0,3.2,2.0,0.627,0.8,0.5,0.682,1.1,1.6,4.6,3.6,0.6,0.9
2017,1628417,CLE,Jaron Blossomgame,SF,77.75,78.75,218.6,82.0,104.5,5.7,8.75,10.25,31.0,35.5,11.47,3.35,3.17,16.0,,,,,,0.2,0.8,0.0,0.4,0.6,0.4,0.8,0.4,0.4,0.8,0.5,0.3333333333333333,0.5,,,,0.5925925925925926,,0.5,0.3,2.7,1.4,0.4,0.256,3.9,1.7,0.44299999999999995,0.5,0.4,0.769,1.0,0.7,4.2,3.6,0.3,0.4
2017,1628449,GSW,Chris Boucher,PF,80.0,81.5,182.2,88.0,110.5,5.4,9.25,10.5,,,,,,,,,,,,,,,,,,,,,,,,,,,,,,0.0,0.0,1.0,1.0,0.0,0.0,1.0,0.0,0.0,0.0,0.0,0.0,0.0,0.0,0.0,1.0,0.0,0.0
2017,1628396,UTA,Tony Bradley,C,81.25,82.75,248.8,89.0,112.5,12.0,9.5,9.5,24.5,27.5,11.79,2.99,3.44,5.0,,,,,,1.0,0.4,0.8,0.6,0.8,0.6,0.4,0.6,0.2,0.8,0.5,0.375,0.625,,,,0.5428571428571428,,0.1,0.0,0.8,0.1,0.0,0.0,1.2,0.3,0.273,0.2,0.2,1.0,0.4,0.1,0.9,1.2,0.0,0.0
2017,1628515,ORL,Isaiah Briscoe,PG,73.25,74.75,222.4,81.0,99.5,11.0,9.0,9.25,28.0,33.5,10.95,2.85,3.38,11.0,,,,,,0.8,0.0,0.2,0.4,0.6,0.8,1.0,1.0,0.6,0.4,,,,0.5,0.5,0.5,,0.6111111111111112,2.2,0.1,1.8,0.9,0.3,0.324,3.5,1.4,0.39899999999999997,0.7,0.4,0.5770000000000001,0.1,1.7,3.5,1.9,0.3,0.8
2017,1628415,MEM,Dillon Brooks,SG-SF,77.0,78.0,220.2,78.0,100.5,7.5,8.25,9.25,31.0,37.5,11.14,3.24,3.21,16.0,,,,,,0.8,1.0,1.0,0.6,0.6,0.6,0.6,1.0,0.8,0.6,0.375,0.5,0.25,,,,0.631578947368421,,1.6,0.2,2.5,3.2,1.1,0.35600000000000004,9.4,4.1,0.44,2.0,1.5,0.747,0.6,2.8,11.0,3.1,0.9,1.5
2017,1628418,LAL,Thomas Bryant,PF-C,81.5,82.75,247.8,90.0,112.5,9.4,9.5,10.25,25.5,33.0,11.42,3.12,3.37,7.0,,,,,,,,,,,,,,,,,,,,,,,,0.4,0.1,0.9,0.7,0.1,0.1,1.4,0.5,0.381,0.6,0.3,0.556,0.2,0.4,1.5,1.1,0.1,0.1
2017,1628381,ATL,John Collins,PF,80.25,81.5,225.2,83.25,106.5,5.4,9.0,10.0,33.0,37.5,11.66,3.27,3.27,15.0,,,,,,0.6,0.4,0.6,0.6,0.6,0.8,0.6,1.0,0.0,0.8,0.375,0.5,0.5,,,,0.6363636363636364,,1.3,1.1,4.9,0.6,0.2,0.34,7.4,4.2,0.5760000000000001,2.5,1.8,0.715,2.4,2.9,10.5,7.3,0.6,1.4
2017,1628380,POR,Zach Collins,PF-C,82.25,84.0,232.2,85.0,111.0,8.9,8.75,9.25,,,,,,,,,,,,,,,,,,,,,,,,,,,,,,0.8,0.5,2.7,1.7,0.5,0.31,4.4,1.7,0.39799999999999996,0.6,0.4,0.643,0.7,2.0,4.4,3.3,0.3,0.9
2017,1628977,OKC,Hamidou Diallo,SG-SF,75.75,77.0,197.4,83.25,101.5,5.2,8.5,9.5,34.5,44.5,10.88,2.79,3.11,0.0,,,,,,,,,,,,,,,,,,,,,,,,0.3,0.2,1.2,0.5,0.1,0.16699999999999998,3.2,1.5,0.455,1.2,0.7,0.61,0.7,1.5,3.7,1.9,0.4,0.5
2017,1628416,ATL,Tyler Dorsey,SG,75.0,76.5,182.6,77.25,99.5,4.7,8.5,9.25,30.5,36.0,10.55,2.98,3.16,8.0,,,,,,0.4,0.4,0.8,0.6,0.4,1.0,0.8,0.4,0.6,0.4,0.5,0.8333333333333334,0.5,,,,0.5555555555555556,,1.4,0.1,2.0,3.6,1.3,0.36200000000000004,6.8,2.6,0.377,1.1,0.8,0.7140000000000001,0.3,1.1,7.2,2.3,0.3,0.7
2017,1628422,NYK,Damyean Dotson,SG-SF,76.5,77.5,205.2,81.0,100.0,5.3,8.5,9.25,31.5,38.0,11.18,3.03,3.13,13.0,,,,,,0.6,1.0,0.4,0.8,0.2,1.0,0.6,0.6,0.6,1.0,,,,0.6666666666666666,1.0,0.5,,0.7027027027027027,0.7,0.0,1.7,1.5,0.5,0.324,3.7,1.6,0.447,0.5,0.4,0.696,0.2,0.8,4.1,1.9,0.3,0.4
2017,1628408,OKC,PJ Dozier,SG,77.25,78.75,200.6,83.0,101.0,6.1,8.5,9.5,34.0,39.0,10.84,2.98,3.15,9.0,,,,,,0.4,0.2,0.8,0.2,1.0,0.4,0.6,0.2,0.2,0.6,0.6666666666666666,0.6666666666666666,0.3333333333333333,,,,0.6756756756756757,,0.0,0.0,0.5,0.0,0.0,0.0,1.0,0.5,0.5,0.0,0.0,0.0,0.0,0.5,1.0,0.5,0.0,0.5
2017,1628393,LAC,Jawun Evans,PG,70.75,71.5,185.2,77.5,95.0,9.1,8.0,7.75,27.5,33.5,11.34,3.26,3.21,1.0,,,,,,,,,,,,,,,,,,,,,,,,2.1,0.1,1.6,1.1,0.3,0.278,5.3,1.9,0.35200000000000004,1.0,0.8,0.7759999999999999,0.2,2.0,4.8,1.8,0.8,0.9
2017,1628390,OKC,Terrance Ferguson,SG-SF,77.5,79.0,184.4,80.75,103.0,5.8,8.5,10.0,28.5,38.0,11.16,3.22,3.32,,,,,,,,,,,,,,,,,,,,,,,,,0.3,0.2,0.5,2.0,0.7,0.33299999999999996,2.8,1.1,0.414,0.2,0.1,0.9,0.3,1.4,3.1,0.8,0.4,0.2
2017,1628368,SAC,De?Aaron Fox,PG,74.0,75.25,169.6,78.5,100.0,4.5,8.5,8.5,,,,,,,,,,,,,,,,,,,,,,,,,,,,,,4.4,0.3,2.3,2.1,0.6,0.307,10.9,4.5,0.41200000000000003,2.7,1.9,0.723,0.5,2.2,11.6,2.8,1.0,2.4
2017,1628365,PHI,Markelle Fultz,PG,,,,,,,,,,,,,,,,,,,,,,,,,,,,,,,,,,,,,,3.8,0.3,2.3,0.1,0.0,0.0,7.9,3.2,0.405,1.5,0.7,0.47600000000000003,0.8,1.6,7.1,3.1,0.9,1.2
2017,1628385,SAC,Harry Giles,PF,81.25,82.5,232.0,87.25,109.5,5.2,9.5,10.75,27.0,32.5,11.08,3.0,3.34,5.0,,,,,,,,,,,,,,,,,,,,,,,,1.5,0.4,2.7,0.1,0.0,0.0,6.0,3.0,0.503,1.6,1.0,0.637,1.1,2.6,7.0,3.8,0.5,1.3
2017,1628404,LAL,Josh Hart,SG-SF,75.75,77.0,209.2,80.25,101.0,5.8,8.5,9.5,27.5,35.5,11.15,3.02,3.18,9.0,,,,,,,,,,,,,,,,,,,,,,,,1.3,0.3,3.5,3.1,1.2,0.396,6.0,2.8,0.469,1.5,1.0,0.7020000000000001,0.7,1.7,7.9,4.2,0.7,0.7
2017,1628502,LAL,Nigel Hayes,PF,78.25,79.5,254.2,87.25,104.5,11.5,8.75,10.0,29.0,33.5,11.81,2.94,3.27,16.0,,,,,,0.6,0.6,0.2,0.4,0.8,0.6,0.4,0.4,0.6,0.6,0.16666666666666666,0.5,0.6666666666666666,,,,0.375,,1.0,0.0,0.0,1.0,0.0,0.0,1.5,0.5,0.33299999999999996,0.5,0.5,1.0,0.0,0.0,1.5,0.0,0.0,0.0
2017,1628439,NYK,Isaiah Hicks,PF,79.25,80.5,233.4,84.5,105.0,7.7,8.75,9.75,31.5,37.0,12.31,3.31,3.36,11.0,,,,,,,,,,,0.4,0.4,0.6,0.4,0.4,0.8333333333333334,0.3333333333333333,0.6666666666666666,,,,0.5416666666666666,,0.9,0.2,1.7,0.5,0.1,0.222,4.0,1.8,0.45799999999999996,1.0,0.7,0.667,0.6,2.5,4.4,2.3,0.1,0.9
2017,1628411,ORL,Wesley Iwundu,SG-SF,77.5,78.75,193.4,85.0,105.5,4.0,8.75,9.5,31.5,36.0,11.25,3.23,3.36,5.0,,,,,,0.8,1.0,0.6,0.6,0.8,0.8,0.8,0.4,0.6,0.8,,,,0.8333333333333334,0.6666666666666666,0.5,,0.5,0.9,0.2,1.6,0.7,0.1,0.196,3.5,1.5,0.42700000000000005,0.8,0.5,0.723,0.6,1.3,3.7,2.2,0.5,0.5
2017,1628402,NOP,Frank Jackson,PG,74.0,75.5,201.6,79.5,98.0,6.7,8.25,9.0,34.5,42.0,10.94,2.7,3.14,9.0,,,,,,,,,,,,,,,,,,,,,,,,1.1,0.0,1.8,2.8,0.9,0.314,7.3,3.2,0.434,1.2,0.9,0.74,0.4,1.5,8.1,2.2,0.4,0.8
2017,1628382,SAC,Justin Jackson (UNC),SF,79.0,80.25,200.8,83.0,104.5,8.1,8.75,9.25,29.5,35.5,10.8,3.06,3.3,,,,,,,,,,,,,,,,,,,,,,,,,1.1,0.2,2.4,2.7,0.8,0.308,6.2,2.7,0.442,0.5,0.4,0.722,0.4,1.2,6.7,2.8,0.4,0.6
2017,1628379,DET,Luke Kennard,SG-SF,76.5,77.5,196.2,77.25,98.5,6.6,8.0,8.75,,,,,,,,,,,,,,,,,,,,,,,,,,,,,,1.7,0.2,2.1,2.7,1.1,0.415,6.4,2.8,0.44299999999999995,1.0,0.9,0.855,0.3,1.2,7.6,2.4,0.6,0.9
2017,1628398,LAL,Kyle Kuzma,SF-SG,80.0,81.5,222.6,84.25,107.5,9.4,8.5,9.5,27.0,34.0,10.72,2.98,3.25,12.0,,,,,,,,,,,,,,,,,,,,,,,,1.8,0.4,5.1,5.6,2.1,0.366,13.5,6.1,0.45,2.7,1.9,0.7070000000000001,1.1,2.1,16.1,6.3,0.6,1.8
2017,1628388,IND,TJ Leaf,PF,80.75,81.75,222.2,83.0,107.0,6.8,8.5,9.5,29.0,34.5,11.55,3.27,3.27,6.0,,,,,,,,,,,,,,,,,,,,,,,,0.2,0.1,1.0,0.8,0.3,0.429,2.6,1.2,0.47100000000000003,0.3,0.2,0.625,0.5,0.8,2.9,1.5,0.1,0.2
2017,1628399,DEN,Tyler Lydon,PF,80.25,81.5,215.0,84.0,107.5,13.6,8.75,8.75,29.5,33.5,11.68,2.81,3.46,1.0,,,,,,0.8,0.6,0.8,0.8,0.8,0.8,0.8,1.0,0.4,0.6,0.5,0.5,0.375,,,,0.7714285714285715,,0.0,0.0,0.0,0.0,0.0,0.0,0.0,0.0,0.0,0.0,0.0,0.0,0.0,0.0,0.0,0.0,0.0,0.0
2017,1628412,SAC,Frank Mason III,PG,71.0,72.0,188.8,75.25,94.0,4.3,8.0,9.25,34.0,41.0,11.41,3.09,3.18,15.0,,,,,,1.0,0.8,0.8,0.2,0.8,0.6,0.8,0.6,0.2,0.6,0.5714285714285714,1.0,0.8333333333333334,,,,0.5714285714285714,,2.8,0.2,1.9,1.7,0.6,0.36,7.3,2.8,0.379,2.2,1.8,0.8170000000000001,0.6,1.4,7.9,2.5,0.7,1.3
2017,1628378,UTA,Donovan Mitchell,SG,73.25,75.0,211.4,82.0,97.0,5.9,8.5,9.5,36.5,40.5,11.53,3.07,3.01,10.0,,,,,,,,,,,,,,,,,,,,,,,,3.7,0.3,3.1,7.0,2.4,0.34,17.2,7.5,0.43700000000000006,3.8,3.0,0.805,0.7,2.7,20.5,3.7,1.5,2.7
2017,1628420,DEN,Monte Morris,PG,73.25,74.5,175.2,76.0,96.5,6.9,8.25,8.75,28.0,33.5,11.0,3.2,3.19,8.0,,,,,,1.0,0.6,1.0,0.4,0.4,0.4,1.0,0.4,0.6,0.6,1.0,0.8333333333333334,0.8333333333333334,,,,0.7647058823529411,,2.3,0.0,0.7,0.3,0.0,0.0,2.0,1.3,0.667,0.7,0.7,1.0,0.0,0.3,3.3,0.7,1.0,0.3
2017,1628405,DAL,Johnathan Motley,PF,79.75,80.75,238.2,88.0,108.0,,9.0,9.5,,,,,,,,,,,,,,,,,,,,,,,,,,,,,,0.6,0.2,3.2,0.5,0.1,0.16699999999999998,6.8,3.6,0.5329999999999999,2.5,1.4,0.536,1.3,1.6,8.7,4.5,0.3,0.8
2017,1629004,LAL,Svi Mykhailiuk,SG-SF,78.5,79.5,219.6,77.0,100.0,11.4,8.0,9.25,27.0,33.0,12.4,3.25,3.53,8.0,,,,,,0.8,0.8,1.0,0.8,0.4,0.8,1.0,1.0,0.2,1.0,0.5,0.75,0.25,,,,0.7027027027027027,,0.8,0.0,0.7,2.2,0.7,0.318,3.4,1.1,0.33299999999999996,0.5,0.3,0.6,0.2,0.6,3.3,0.9,0.3,0.5
2017,1628400,BOS,Semi Ojeleye,SF-SG,77.25,78.75,241.4,81.75,102.0,5.5,8.75,9.5,35.0,40.5,10.58,3.07,3.16,19.0,,,,,,,,,,,,,,,,,,,,,,,,0.3,0.1,1.7,1.7,0.5,0.32,2.6,0.9,0.34600000000000003,0.6,0.3,0.61,0.5,1.2,2.7,2.2,0.3,0.3
2017,1628383,MIN,Justin Patton,C,82.0,83.25,229.0,87.0,111.5,7.8,8.75,9.75,26.0,30.5,11.8,3.31,3.46,,,,,,,,,,,,,,,,,,,,,,,,,0.0,0.0,0.0,0.0,0.0,0.0,2.0,1.0,0.5,0.0,0.0,0.0,0.0,1.0,2.0,0.0,1.0,0.0
2017,1628409,PHX,Alec Peters,PF,79.25,80.75,232.0,82.75,105.0,8.8,8.75,10.0,,,,,,,,,,,,,,,,,,,,,,,,,,,,,,0.6,0.1,1.5,2.9,0.9,0.31,3.7,1.4,0.37799999999999995,0.5,0.4,0.8,0.4,0.7,4.1,1.9,0.1,0.2
2017,1628397,MEM,Ivan Rabb,PF,80.75,82.0,219.6,85.5,109.0,6.8,8.75,9.0,28.5,32.5,12.68,3.23,3.35,3.0,,,,,,,,,,,,,,,,,,,,,,,,0.9,0.4,2.9,0.0,0.0,0.0,4.2,2.4,0.5660000000000001,1.0,0.8,0.8059999999999999,1.5,1.5,5.6,4.4,0.3,1.0
2017,1628432,PHX,Davon Reed,SG-SF,76.5,77.5,206.2,84.0,102.0,6.5,9.25,9.5,28.5,36.0,11.37,3.21,3.34,12.0,,,,,,,,,,,,,,,,,,,,,,,,0.6,0.1,1.8,1.8,0.5,0.289,3.6,1.0,0.289,0.6,0.4,0.667,0.1,0.8,3.0,1.9,0.5,0.5
2017,1628421,WAS,Devin Robinson,SF,79.0,80.25,189.6,84.75,106.0,3.2,9.25,10.25,35.5,41.5,12.85,3.61,3.23,10.0,,,,,,0.4,0.4,0.8,0.6,0.4,,,,,,,,,,,,,,0.0,0.0,3.0,0.0,0.0,0.0,3.0,1.0,0.33299999999999996,0.0,0.0,0.0,2.0,2.0,2.0,5.0,1.0,0.0
2017,1628424,MEM,Kobi Simmons,PG,75.25,76.5,166.2,78.0,99.0,5.0,8.5,9.5,30.5,38.5,11.15,2.98,3.18,3.0,,,,,,0.4,1.0,0.6,0.4,0.6,0.8,0.8,0.8,0.4,0.2,,,,0.5,0.8333333333333334,0.6666666666666666,,0.5,2.1,0.2,1.1,1.2,0.3,0.282,5.9,2.5,0.423,0.8,0.8,1.0,0.4,1.9,6.1,1.6,0.6,1.4
2017,1628410,IND,Edmond Sumner,PG,76.0,77.75,176.4,81.0,102.5,8.3,8.25,9.0,,,,,,,,,,,,,,,,,,,,,,,,,,,,,,0.0,0.0,1.0,0.0,0.0,0.0,1.0,1.0,1.0,0.0,0.0,0.0,0.0,1.0,2.0,1.0,0.0,0.0
2017,1628403,POR,Caleb Swanigan,PF,79.5,80.5,245.6,87.0,108.0,,9.5,10.25,,,,,,,,,,,,,,,,,,,,,,,,,,,,,,0.5,0.1,1.4,0.3,0.0,0.125,2.2,0.9,0.4,0.7,0.4,0.667,0.6,1.4,2.3,2.0,0.2,0.7
2017,1628414,LAC,Sindarius Thornwell,SG-SF,75.5,76.75,211.6,82.0,103.0,7.8,8.75,8.75,27.0,30.5,11.48,3.03,3.36,15.0,,,,,,0.8,0.8,0.6,0.6,0.4,0.2,0.6,0.8,0.2,0.6,0.625,0.625,0.375,,,,0.5897435897435898,,0.9,0.3,1.5,0.8,0.3,0.377,3.2,1.4,0.429,1.2,0.8,0.67,0.5,1.7,3.9,1.9,0.7,0.7
2017,1629021,LAL,Moritz Wagner,PF,82.0,83.25,231.2,84.0,108.0,6.7,8.75,10.75,25.5,32.5,12.0,2.98,3.35,,,,,,,0.6,0.6,0.8,1.0,0.4,0.8,0.4,0.8,0.8,0.2,,,,0.5,0.3333333333333333,0.8333333333333334,,0.6111111111111112,0.6,0.3,1.6,1.8,0.5,0.28600000000000003,4.0,1.7,0.415,1.2,1.0,0.8109999999999999,0.4,1.3,4.8,2.0,0.3,0.9
2017,1628476,MIA,Derrick Walton Jr.,PG,71.0,72.75,188.6,74.5,95.0,5.8,8.0,8.5,26.0,32.5,11.28,3.12,3.29,9.0,,,,,,,,,,,1.0,0.4,0.4,0.8,0.8,0.8333333333333334,0.3333333333333333,0.6666666666666666,,,,0.8205128205128205,,1.0,0.2,0.9,1.1,0.4,0.41200000000000003,1.6,0.5,0.32,0.4,0.4,1.0,0.1,0.4,1.8,1.0,0.4,0.1
2017,1629118,DEN,Thomas Welsh,PF-C,83.5,84.5,254.0,84.0,109.5,10.9,9.0,10.5,,,,,,11.0,,,,,,,,,,,,,,,,,,,,,,,,0.5,0.0,0.4,0.6,0.3,0.429,1.2,0.6,0.5379999999999999,0.2,0.1,0.5,0.0,0.3,1.6,0.4,0.0,0.1
2017,1628401,SAS,Derrick White,PG,75.25,76.5,189.8,79.5,101.5,6.2,8.25,8.5,31.0,36.5,10.84,2.92,3.08,10.0,,,,,,0.6,0.2,1.0,0.4,0.6,0.8,0.6,0.4,0.4,0.6,0.3333333333333333,0.16666666666666666,0.8333333333333334,,,,0.696969696969697,,0.5,0.2,1.2,0.8,0.5,0.615,1.9,0.9,0.485,1.2,0.8,0.7,0.3,0.5,3.2,1.5,0.2,0.4
2017,1628430,UTA,Nigel Williams-Goss,PG,73.5,75.0,190.2,79.25,99.0,5.6,8.75,9.25,27.5,34.5,10.42,3.08,3.19,10.0,,,,,,,,,,,,,,,,,,,,,,,,0.6,0.1,0.3,0.2,0.0,0.0,0.8,0.1,0.14300000000000002,0.2,0.2,1.0,0.2,0.2,0.4,0.6,0.1,0.2
2017,1628391,MIL,D.J. Wilson,PF,80.75,82.5,234.4,87.0,109.5,6.4,9.25,10.25,,,,,,,,,,,,,,,,,,,,,,,,,,,,,,0.1,0.0,0.4,0.2,0.1,0.4,0.7,0.4,0.563,0.1,0.0,0.5,0.1,0.3,1.0,0.5,0.1,0.2
2018,1628959,CHI,Rawle Alkins,SG,74.75,76.25,217.4,80.75,99.0,8.9,8.5,10.0,32.5,40.5,11.5,3.09,3.15,10.0,0.4,0.8,0.6,0.8,0.6,,,,,,0.2,0.8,0.6,1.0,0.4,0.5,0.25,0.5,,,,0.7941176470588235,,1.3,0.0,1.5,1.2,0.3,0.25,3.9,1.3,0.33299999999999996,1.2,0.8,0.667,1.1,0.7,3.7,2.6,0.1,0.8
2018,1628960,UTA,Grayson Allen,SG,75.0,76.5,198.0,79.25,97.0,5.55,8.25,10.0,32.5,40.5,10.31,3.04,3.15,,,,,,,,,,,,,,,,,,,,,,,,,0.7,0.2,0.5,2.6,0.8,0.32299999999999995,4.7,1.8,0.376,1.6,1.2,0.75,0.1,1.2,5.6,0.6,0.2,0.9
2018,1628961,DAL,Kostas Antetokounmpo,PF,81.0,82.5,194.8,86.25,110.0,5.0,9.25,9.5,29.5,35.0,12.48,3.48,3.21,0.0,0.6,0.4,0.4,0.6,0.6,,,,,,0.4,0.2,0.6,0.6,0.8,0.5,0.25,0.25,,,,0.5,,0.0,0.0,0.5,0.0,0.0,0.0,1.5,0.0,0.0,2.0,1.0,0.5,0.0,0.0,1.0,0.5,1.0,0.5
2018,1628964,ORL,Mohamed Bamba,C,83.25,84.75,225.6,94.0,115.5,6.2,9.75,10.25,,,,,,,,,,,,,,,,,,,,,,,,,,,,,,0.8,1.4,3.6,1.5,0.4,0.3,5.2,2.5,0.48100000000000004,1.3,0.8,0.5870000000000001,1.4,2.2,6.2,5.0,0.3,0.9
2018,1628966,MIN,Keita Bates-Diop,SG-SF,79.25,80.5,223.8,87.25,106.5,5.35,9.0,8.5,30.5,35.0,11.2,3.28,3.17,11.0,0.4,0.8,1.0,1.0,0.8,,,,,,0.6,0.6,0.2,0.6,0.8,0.25,0.25,0.75,,,,0.6190476190476191,0.2,0.6,0.5,2.2,1.7,0.4,0.25,4.7,2.0,0.423,0.9,0.6,0.643,0.5,1.0,5.0,2.8,0.6,0.5
2018,1628968,IND,Brian Bowen,SG-SF,78.25,79.5,202.0,82.25,103.5,7.6,9.0,10.0,30.5,34.0,11.58,3.33,3.28,0.0,0.4,0.6,0.6,0.6,0.4,,,,,,0.6,0.6,0.4,0.4,0.4,0.75,0.75,0.25,,,,0.5862068965517241,,0.0,0.2,1.2,0.4,0.0,0.0,1.8,0.4,0.222,0.0,0.0,0.0,0.2,0.4,0.8,1.4,0.0,0.2
2018,1628970,CHA,Miles Bridges,SF,77.25,78.75,220.4,81.5,103.5,5.9,9.0,9.75,,,,,,,,,,,,,,,,,,,,,,,,,,,,,,1.2,0.6,3.2,2.5,0.8,0.325,6.4,3.0,0.46399999999999997,1.0,0.7,0.753,0.8,1.4,7.5,4.0,0.7,0.6
2018,1628971,DET,Bruce Brown,SG-PG,75.5,77.0,194.6,81.0,98.5,3.75,8.5,8.5,32.5,38.0,11.11,3.44,3.2,17.0,,,,,,,,,,,,,,,,,,,,,,,,1.2,0.5,1.9,1.3,0.3,0.258,4.2,1.7,0.39799999999999996,0.8,0.6,0.75,0.6,2.4,4.3,2.5,0.5,0.6
2018,1628972,WAS,Troy Brown,SF,77.75,78.75,208.0,82.25,105.0,7.05,9.0,9.75,26.0,33.0,11.51,3.29,3.33,5.0,,,,,,,,,,,,,,,,,,,,,,,,1.5,0.1,2.1,1.3,0.4,0.319,4.5,1.9,0.415,0.9,0.6,0.6809999999999999,0.7,1.1,4.8,2.8,0.4,0.6
2018,1628973,DAL,Jalen Brunson,PG,73.0,74.25,198.4,76.0,96.0,6.7,8.25,9.25,29.0,37.0,10.59,3.11,3.15,7.0,,,,,,,,,,,,,,,,,,,,,,,,3.2,0.1,2.0,2.5,0.9,0.348,7.7,3.6,0.467,1.6,1.2,0.725,0.3,1.7,9.3,2.3,0.5,1.2
2018,1628975,MEM,Jevon Carter,PG,72.25,73.5,196.2,76.25,95.0,4.15,9.25,8.5,29.0,36.5,11.04,3.05,3.18,14.0,0.6,0.8,0.6,0.8,0.6,,,,,,1.0,0.6,0.8,0.6,0.6,0.5,0.25,1.0,,,,0.7096774193548387,,1.8,0.3,1.3,2.6,0.9,0.33299999999999996,4.7,1.4,0.303,0.8,0.7,0.813,0.4,1.4,4.4,1.7,0.7,0.8
2018,1628976,CHI,Wendell Carter,C-PF,80.75,82.0,251.4,88.5,109.0,7.85,8.5,9.0,,,,,,,,,,,,,,,,,,,,,,,,,,,,,,1.8,1.3,5.0,0.7,0.1,0.188,8.4,4.1,0.485,2.5,2.0,0.795,2.0,3.5,10.3,7.0,0.6,1.5
2018,1628978,MIL,Donte DiVincenzo,SG,75.5,76.5,200.6,78.0,97.5,5.0,8.25,9.0,34.5,42.0,10.72,3.12,3.11,12.0,1.0,1.0,0.8,0.8,1.0,,,,,,0.4,0.4,0.8,0.8,0.6,0.5,0.75,1.0,,,,0.4827586206896552,,1.1,0.2,1.8,3.1,0.8,0.265,4.6,1.9,0.40299999999999997,0.4,0.3,0.75,0.6,1.4,4.9,2.4,0.5,0.7
2018,1628977,OKC,Hamidou Diallo,SG,76.25,78.0,197.0,83.5,103.0,4.45,8.75,9.0,32.5,40.5,10.53,3.14,3.1,1.0,,,,,,,,,,,,,,,,,,,,,,,,0.3,0.2,1.2,0.5,0.1,0.16699999999999998,3.2,1.5,0.455,1.2,0.7,0.61,0.7,1.5,3.7,1.9,0.4,0.5
2018,1628979,MIL,Trevon Duval,PG,73.5,74.5,191.0,80.25,97.5,5.2,8.75,10.0,34.0,41.5,10.93,3.09,3.18,6.0,,,,,,,,,,,,,,,,,,,,,,,,0.7,0.0,0.3,0.3,0.3,1.0,1.0,0.7,0.667,0.0,0.0,0.0,0.0,0.0,1.7,0.3,0.0,0.0
2018,1629035,BOS,Carsen Edwards,PG,70.75,72.0,195.6,78.25,94.5,6.3,8.5,9.25,28.5,34.5,11.59,3.15,3.2,12.0,1.0,0.6,0.6,0.4,0.8,,,,,,0.4,1.0,0.6,0.8,0.6,0.75,0.75,0.25,,,,0.88,,0.6,0.1,1.1,1.9,0.6,0.309,3.2,1.1,0.327,0.4,0.3,0.846,0.2,0.9,3.0,1.2,0.3,0.4
2018,1628980,GSW,Jacob Evans,SG-SF,76.25,77.5,199.6,81.25,102.5,6.5,9.0,9.25,28.0,35.5,11.11,3.14,3.2,8.0,,,,,,,,,,,,,,,,,,,,,,,,0.8,0.1,0.6,0.5,0.1,0.267,1.8,0.6,0.34,0.0,0.0,0.0,0.2,0.9,1.3,0.8,0.2,0.4
2018,1628981,ATL,Bruno Fernando,C,80.75,81.75,233.2,88.25,109.0,5.25,9.5,10.0,29.0,35.0,12.19,3.03,3.23,11.0,,,,,,0.6,0.6,0.8,0.6,0.6,0.8,0.4,0.8,0.6,0.6,0.5,0.25,0.5,0.5,0.5,0.5,0.7,,0.9,0.3,2.3,0.7,0.1,0.135,3.6,1.8,0.518,0.9,0.5,0.569,1.2,1.9,4.3,3.5,0.3,0.8
2018,1628982,ORL,Melvin Frazier,SF-SG,76.5,78.0,198.2,85.75,105.0,7.9,9.5,9.5,31.0,40.5,11.24,3.08,3.08,0.0,,,,,,,,,,,,,,,,,,,,,,,,0.1,0.0,0.2,0.6,0.0,0.0,2.1,0.7,0.33299999999999996,0.4,0.1,0.25,0.3,0.6,1.5,0.5,0.1,0.1
2018,1628983,LAC,Shai Gilgeous-Alexander,PG,76.5,78.0,180.0,83.5,104.0,3.0,9.0,9.0,,,,,,,,,,,,,,,,,,,,,,,,,,,,,,3.3,0.5,2.1,1.7,0.6,0.36700000000000005,8.7,4.2,0.47600000000000003,2.4,1.9,0.8,0.7,2.1,10.8,2.8,1.2,1.7
2018,1628984,CHA,Devonte Graham,PG,72.25,73.5,186.4,78.25,96.0,4.8,8.5,9.5,31.0,37.0,11.28,3.15,3.21,14.0,0.6,0.6,0.4,0.4,0.6,,,,,,0.6,0.6,0.6,0.8,0.4,0.5,0.25,0.75,,,,0.6571428571428571,,2.6,0.0,1.2,2.6,0.7,0.281,4.7,1.6,0.34299999999999997,1.0,0.8,0.7609999999999999,0.2,1.0,4.7,1.4,0.5,0.7
2018,1628985,OKC,Devon Hall,SG,76.25,78.0,206.4,79.75,102.0,8.45,8.5,10.0,25.0,31.0,10.95,3.16,3.27,6.0,0.6,1.0,0.6,1.0,0.6,,,,,,0.8,0.8,0.8,0.6,0.8,0.5,0.75,0.75,0.5,0.75,1.0,0.7352941176470589,,0.6,0.0,0.2,0.4,0.0,0.0,1.0,0.2,0.2,0.8,0.6,0.75,0.0,0.2,1.0,0.2,0.0,0.2
2018,1628987,OKC,Kevin Hervey,PF,78.5,79.75,211.6,87.5,107.0,5.15,9.25,10.25,27.5,32.0,11.28,3.15,3.36,4.0,,,,,,0.6,0.6,0.6,0.8,0.6,0.6,0.6,0.6,0.6,0.6,0.5,0.25,0.5,0.5,0.75,0.5,0.7777777777777778,,0.1,0.0,0.3,1.1,0.0,0.0,1.6,0.1,0.091,0.0,0.0,0.0,0.0,0.1,0.3,0.3,0.0,0.0
2018,1628988,IND,Aaron Holiday,PG,71.75,72.75,187.0,79.5,97.0,6.4,8.75,8.5,25.5,33.0,10.96,3.22,3.27,,1.0,0.6,0.8,0.6,1.0,,,,,,0.6,1.0,1.0,0.6,0.6,0.0,0.75,0.75,,,,,0.6428571428571429,1.7,0.3,1.2,2.5,0.9,0.33899999999999997,5.2,2.1,0.401,1.0,0.8,0.82,0.1,1.4,5.9,1.3,0.4,0.8
2018,1628989,ATL,Kevin Huerter,SG,78.25,79.25,194.0,79.5,101.5,8.6,8.25,8.5,31.0,38.0,10.89,2.97,3.09,9.0,,,,,,0.6,0.6,0.4,0.6,1.0,0.6,0.8,0.6,1.0,1.0,0.25,0.5,0.25,0.25,0.75,0.75,0.8709677419354839,,2.9,0.3,2.5,4.7,1.8,0.385,8.8,3.7,0.419,0.7,0.5,0.732,0.8,2.1,9.7,3.3,0.9,1.5
2018,1628991,MEM,Jaren Jackson,PF-C,81.75,83.25,236.0,89.25,110.0,7.2,10.0,10.0,,,,,,,,,,,,,,,,,,,,,,,,,,,,,,1.1,1.4,3.4,2.4,0.9,0.359,10.2,5.1,0.506,3.4,2.6,0.7659999999999999,1.3,3.8,13.8,4.7,0.9,1.7
2018,1628993,IND,Alize Johnson,PF,79.25,80.0,216.6,80.75,103.0,8.1,8.5,9.75,25.0,31.0,11.83,3.28,3.38,8.0,0.2,0.6,1.0,0.2,0.4,,,,,,0.4,0.4,0.4,0.6,0.4,0.5,0.75,0.25,,,,0.5,,0.1,0.2,1.1,0.1,0.1,0.5,1.1,0.3,0.25,0.6,0.3,0.5,0.3,0.5,0.9,1.4,0.1,0.0
2018,1628994,PHX,George King,SF-SG,76.75,78.0,218.6,83.5,101.5,7.25,9.0,10.25,31.0,39.0,10.75,3.08,3.29,15.0,0.8,0.6,0.8,0.8,0.6,,,,,,0.6,0.2,0.8,0.4,0.4,0.5,0.75,0.75,0.5,0.75,0.5,0.6785714285714286,,0.0,0.0,1.0,0.0,0.0,0.0,0.0,0.0,0.0,0.0,0.0,0.0,0.0,0.0,0.0,1.0,0.0,0.0
2018,1628995,NYK,Kevin Knox,SF,79.75,81.0,212.6,83.75,108.0,4.95,8.75,9.25,,,,,,,,,,,,,,,,,,,,,,,,,,,,,,1.1,0.3,3.7,4.9,1.7,0.34299999999999997,12.2,4.5,0.37,3.0,2.2,0.7170000000000001,0.8,2.3,12.8,4.5,0.6,1.5
2018,1628997,CHA,Caleb Martin,SF-SG,76.75,78.0,195.8,82.0,101.5,7.0,8.5,8.75,29.0,36.5,10.43,2.75,3.26,6.0,0.8,1.0,0.8,0.6,0.4,,,,,,0.2,0.6,0.6,0.6,0.6,0.5,0.25,0.5,0.5,0.5,0.75,0.6896551724137931,,1.3,0.4,1.6,2.1,1.1,0.541,4.7,2.1,0.44,1.2,0.9,0.81,0.6,1.8,6.2,2.1,0.7,0.8
2018,1628998,CHA,Cody Martin,SG-SF,76.75,78.0,188.6,82.25,102.5,5.45,8.5,9.0,29.0,36.5,10.64,3.05,3.09,4.0,0.2,0.6,0.6,0.6,0.4,,,,,,1.0,0.6,0.2,0.8,0.6,0.5,0.75,0.75,0.75,1.0,0.5,0.8260869565217391,,2.0,0.2,2.5,1.6,0.4,0.23399999999999999,4.3,1.9,0.43,1.4,0.9,0.6459999999999999,0.8,1.6,5.0,3.3,0.8,0.9
2018,1628999,MIA,Yante Maten,PF-C,79.25,80.5,246.2,84.5,107.5,8.1,9.25,10.0,27.0,31.5,11.35,3.13,3.17,18.0,0.6,0.6,0.4,0.8,0.4,,,,,,0.8,0.6,0.2,0.6,0.6,0.5,0.375,0.625,,,,0.5925925925925926,,0.0,0.0,1.0,0.5,0.0,0.0,2.0,0.5,0.25,0.0,0.0,0.0,0.5,0.0,1.0,1.5,0.5,0.0
2018,1629001,PHX,DeAnthony Melton,SG-PG,74.25,75.25,193.2,80.5,99.5,5.2,8.5,9.5,31.0,36.5,11.48,3.33,3.23,1.0,0.8,0.6,1.0,0.2,0.2,,,,,,0.8,0.6,0.4,0.4,0.6,0.5,1.0,0.75,,,,0.6206896551724138,,3.2,0.5,2.2,1.9,0.6,0.305,5.1,2.0,0.391,0.6,0.4,0.75,0.5,2.3,5.0,2.7,1.4,1.5
2018,1629002,SAS,Chimezie Metu,PF-C,80.5,81.5,219.6,84.5,108.0,5.05,9.0,9.25,29.5,36.0,11.89,3.25,3.33,5.0,,,,,,0.6,0.4,0.6,0.4,0.6,0.4,0.6,1.0,0.6,0.6,1.0,0.25,0.25,,,,,0.7096774193548387,0.4,0.1,0.9,0.1,0.0,0.0,2.0,0.7,0.32799999999999996,0.6,0.4,0.765,0.3,0.5,1.8,1.2,0.2,0.5
2018,1629003,PHI,Shake Milton,SG-PG,76.5,77.5,207.2,84.75,99.5,6.8,8.75,9.5,30.0,33.0,11.07,3.19,3.25,2.0,,,,,,0.8,0.4,0.6,0.8,0.4,0.4,0.6,0.6,0.8,1.0,0.75,0.5,0.5,0.25,0.5,0.5,0.7142857142857143,,0.9,0.4,1.3,2.2,0.7,0.318,4.4,1.7,0.391,0.4,0.3,0.7140000000000001,0.5,1.5,4.4,1.8,0.4,0.3
2018,1629004,LAL,Sviatoslav Mykhailiuk,SG-SF,78.5,79.75,211.6,76.75,100.0,8.45,8.25,9.5,30.5,37.0,11.25,3.18,3.15,4.0,0.4,0.8,0.4,0.6,1.0,,,,,,0.6,0.8,0.8,0.6,0.8,0.875,0.75,0.625,,,,,,0.8,0.0,0.7,2.2,0.7,0.318,3.4,1.1,0.33299999999999996,0.5,0.3,0.6,0.2,0.6,3.3,0.9,0.3,0.5
2018,1629005,CLE,Malik Newman,SG,74.5,75.25,189.2,77.5,98.5,6.25,8.5,9.5,27.5,33.5,10.9,3.18,3.13,,,,,,,,,,,,,,,,,,,,,,,,,0.0,0.0,0.0,1.0,0.0,0.0,2.0,0.0,0.0,2.0,2.0,1.0,0.0,0.0,2.0,0.0,0.0,1.0
2018,1629006,MIN,Josh Okogie,SG,75.0,76.5,210.8,84.0,102.0,5.2,9.0,9.75,33.0,42.0,11.08,3.03,3.04,12.0,0.8,1.0,1.0,1.0,0.8,,,,,,0.6,0.4,0.8,0.8,0.6,0.5,1.0,1.0,,,,0.5161290322580645,,1.2,0.4,2.4,2.9,0.8,0.27899999999999997,6.9,2.6,0.386,2.2,1.6,0.728,0.6,2.2,7.7,2.9,1.2,0.9
2018,1629033,BKN,Theo Pinson,SG-SF,77.0,78.75,211.2,82.75,103.5,7.35,9.0,9.0,27.0,34.0,11.53,3.11,3.22,7.0,0.6,0.8,1.0,0.4,1.0,,,,,,0.4,0.6,0.4,0.6,0.8,0.25,0.25,0.25,,,,0.4857142857142857,,1.2,0.0,1.8,2.6,0.7,0.261,4.1,1.4,0.342,1.2,1.1,0.8640000000000001,0.2,0.8,4.5,2.0,0.3,1.0
2018,1629008,DEN,Michael Porter,SF-PF,81.5,82.75,211.0,84.25,108.5,6.4,8.75,9.25,,,,,,,,,,,,,,,,,,,,,,,,,,,,,,0.7,0.4,3.0,2.1,0.9,0.42200000000000004,5.9,2.9,0.495,0.9,0.7,0.767,1.1,1.6,7.5,4.1,0.4,0.7
2018,1629010,LAC,Jerome Robinson,SG,76.0,77.0,188.4,79.25,98.0,6.05,9.0,10.0,,,,,,,,,,,,,,,,,,,,,,,,,,,,,,0.6,0.1,1.2,1.7,0.5,0.316,3.3,1.3,0.4,0.3,0.2,0.667,0.1,1.4,3.4,1.2,0.3,0.4
2018,1629012,CLE,Collin Sexton,PG,72.5,73.5,183.0,79.25,98.5,5.6,8.25,8.5,,,,,,,,,,,,,,,,,,,,,,,,,,,,,,3.0,0.1,2.2,3.6,1.5,0.402,14.7,6.3,0.43,3.1,2.6,0.8390000000000001,0.7,2.3,16.7,2.9,0.5,2.3
2018,1629013,PHI,Landry Shamet,PG,76.0,77.25,188.6,78.75,100.0,4.85,8.0,9.0,31.0,39.5,11.26,3.21,3.11,8.0,0.8,0.8,1.0,0.8,0.8,,,,,,0.8,1.0,0.6,0.6,0.6,0.75,0.75,0.75,,,,0.7428571428571429,,1.1,0.1,1.2,4.5,1.8,0.40399999999999997,6.4,2.8,0.441,1.0,0.8,0.815,0.3,2.0,8.3,1.4,0.4,0.5
2018,1629014,POR,Anfernee Simons,SG-PG,74.25,75.25,183.2,81.25,99.5,7.7,8.75,9.0,32.0,41.5,11.27,3.16,3.1,1.0,,,,,,,,,,,,,,,,,,,,,,,,0.7,0.0,0.5,1.5,0.5,0.345,3.2,1.4,0.444,0.8,0.5,0.563,0.2,0.5,3.8,0.7,0.1,0.6
2018,1629015,PHI,Zhaire Smith,SF-SG,74.75,76.0,198.6,81.75,100.0,6.05,8.75,8.25,33.0,41.5,11.02,3.15,3.05,10.0,,,,,,,,,,,,,,,,,,,,,,,,1.7,0.3,1.7,2.7,1.0,0.375,5.7,2.3,0.41200000000000003,1.3,1.0,0.75,0.5,1.3,6.7,2.2,0.3,1.0
2018,1629034,DAL,Ray Spalding,PF,81.0,82.25,215.4,88.75,109.0,5.55,9.25,9.0,26.0,32.0,11.48,3.2,3.34,12.0,,,,,,0.6,0.6,0.8,0.6,0.8,0.8,0.4,0.8,0.6,0.6,0.25,0.25,0.75,0.25,0.75,0.5,0.5,,0.0,0.0,0.0,0.0,0.0,0.0,0.0,0.0,0.0,0.0,0.0,0.0,0.0,0.0,0.0,0.0,0.0,0.0
2018,1629016,ATL,Omari Spellman,PF-C,80.0,81.25,253.8,86.0,107.5,13.75,9.0,9.0,28.5,35.5,12.28,3.35,3.38,8.0,0.8,0.4,0.8,0.6,0.8,,,,,,0.4,0.8,0.6,0.4,0.4,0.75,0.5,0.25,,,,0.6,,1.0,0.5,2.7,2.8,1.0,0.344,5.3,2.1,0.402,1.0,0.7,0.711,1.6,1.5,5.9,4.2,0.6,0.7
2018,1629017,DET,Khyri Thomas,SG,74.5,75.75,198.8,82.5,101.0,6.4,8.75,9.25,30.0,35.0,10.96,3.18,3.18,14.0,,,,,,,,,,,,,,,,,,,,,,,,0.3,0.2,0.6,1.3,0.4,0.28600000000000003,2.7,0.8,0.319,0.4,0.3,0.636,0.2,0.8,2.3,0.8,0.3,0.2
2018,1629018,POR,Gary Trent,SG,76.25,77.75,204.2,80.75,98.0,7.0,8.5,9.5,33.5,39.5,11.37,2.99,3.12,12.0,0.2,0.8,0.8,0.6,0.8,,,,,,0.6,0.6,1.0,0.6,0.4,1.0,0.75,1.0,,,,0.72,,0.3,0.1,0.7,1.4,0.3,0.23800000000000002,3.3,1.1,0.32,0.5,0.2,0.429,0.1,0.3,2.7,0.7,0.1,0.3
2018,1629019,NYK,Allonzo Trier,SG,75.75,77.25,198.0,78.75,98.0,4.95,8.25,10.5,32.0,40.0,11.02,2.97,3.14,11.0,,,,,,1.0,0.8,0.8,1.0,1.0,0.8,0.4,0.8,0.8,0.6,1.0,0.25,0.25,0.5,1.0,1.0,0.7142857142857143,,1.9,0.2,2.6,2.1,0.8,0.39399999999999996,8.1,3.6,0.44799999999999995,3.5,2.8,0.8029999999999999,0.5,1.8,10.9,3.1,0.4,1.8
2018,1629021,LAL,Moritz Wagner,C-PF,82.5,83.5,241.4,84.0,108.0,6.75,9.0,10.75,27.0,34.0,11.48,3.07,3.18,8.0,,,,,,,,,,,,,,,,,,,,,,,,0.6,0.3,1.6,1.8,0.5,0.28600000000000003,4.0,1.7,0.415,1.2,1.0,0.8109999999999999,0.4,1.3,4.8,2.0,0.3,0.9
2018,1629022,SAS,Lonnie Walker,SG,75.75,76.5,196.2,82.25,99.5,5.65,9.0,9.5,31.5,40.0,10.87,2.91,3.06,12.0,,,,,,,,,,,,,,,,,,,,,,,,0.5,0.2,1.0,0.8,0.3,0.385,2.7,0.9,0.348,0.6,0.5,0.8,0.0,0.4,2.6,1.0,0.4,0.2
2018,1629023,CHA,PJ Washington,PF,78.5,80.0,223.0,86.5,107.0,6.85,9.0,10.25,27.0,34.0,11.39,3.43,3.2,3.0,0.6,0.6,0.2,0.2,0.8,,,,,,0.0,0.4,0.8,0.4,0.2,0.25,0.5,0.0,,,,0.625,,2.1,0.8,4.4,4.0,1.5,0.374,10.2,4.6,0.455,2.3,1.5,0.647,1.0,2.7,12.2,5.4,0.9,1.6
2018,1629026,NOP,Kenrich Williams,SF,78.0,79.5,200.4,79.25,103.5,5.95,8.5,9.75,28.0,33.0,10.86,3.28,3.19,14.0,0.8,0.4,0.6,0.8,0.6,,,,,,0.8,0.2,0.8,0.8,0.2,0.375,0.25,0.25,,,,0.6551724137931034,,1.8,0.4,3.6,3.4,1.1,0.33299999999999996,6.1,2.3,0.384,0.4,0.3,0.684,1.2,2.1,6.1,4.8,1.0,0.8
2018,1629027,ATL,Trae Young,PG,72.5,73.75,177.8,75.0,95.5,5.35,8.0,9.25,,,,,,,,,,,,,,,,,,,,,,,,,,,,,,8.1,0.2,2.9,6.0,1.9,0.324,15.5,6.5,0.418,5.1,4.2,0.8290000000000001,0.8,1.7,19.1,3.7,0.9,3.8
